,quantity_approved
2839,448.0
5726,35.0
5590,400.0
2726,4450.0
6219,1.0
2928,0.0
2206,0.0
5337,3861.0
3156,589.0
4767,1.0
7140,0.0
3043,1.0
1006,80.0
4327,14697.0
2965,302.0
5156,138.0
7592,28.0
2051,4.0
2512,8071.0
194,140.0
867,0.0
4990,17939.0
5378,84.0
6871,1.0
5853,3.0
7328,240.0
6495,797.0
7334,2999.0
1084,0.0
4851,1543.0
4082,5.0
4827,0.0
5164,50.0
7662,149.0
2881,100.0
8110,1068.0
6678,50.0
5493,2204.0
2298,1866.0
7824,3211.0
2329,1124.0
2895,0.0
491,258.0
4590,24.0
6824,4960.0
4342,249.0
7796,5.0
4710,54.0
7988,3550.0
618,0.0
5546,0.0
2653,66.0
5781,108.0
1285,351.0
3273,613.0
1433,3240.0
2988,1.0
1205,285.0
6988,0.0
8373,104.0
4546,0.0
5656,0.0
7779,22.0
7464,804.0
7925,833.0
160,1196.0
5091,158.0
8445,0.0
1832,5.0
2461,1.0
287,2.0
4799,14.0
150,816.0
2636,48.0
5576,32.0
8332,0.0
6329,1841.0
3702,0.0
5657,0.0
6334,0.0
2762,16.0
5013,0.0
5523,1355.0
2491,0.0
4513,0.0
3772,0.0
5883,2.0
284,4.0
8752,169.0
899,235.0
4353,0.0
6057,13578.0
8298,3.0
4774,667.0
8132,0.0
3301,0.0
7162,0.0
7092,0.0
2765,0.0
6962,0.0
8507,8.0
2508,4152.0
7011,561.0
3823,0.0
6531,202.0
6328,521.0
6388,0.0
5578,0.0
3626,235.0
5456,949.0
1482,89.0
2671,4.0
775,0.0
2581,7177.0
1905,1763.0
3721,0.0
2359,418.0
1039,1027.0
3132,2014.0
4126,1052.0
488,10.0
8560,149.0
4906,6.0
3463,4935.0
6275,2.0
3040,74.0
6984,17.0
4802,0.0
6224,2.0
2007,969.0
4557,0.0
3642,4741.0
455,2859.0
274,253.0
2282,30.0
6737,575.0
7195,0.0
918,0.0
1530,38.0
1166,0.0
7933,2.0
6987,0.0
8502,0.0
7262,87.0
7068,17.0
4389,64.0
128,1603.0
842,0.0
3283,1316.0
3802,7000.0
4469,5728.0
7279,0.0
6485,292.0
2393,195.0
1508,530.0
3956,8314.0
6159,346.0
3496,7.0
6620,10.0
2193,355.0
512,0.0
8096,10.0
4456,237.0
759,0.0
3831,0.0
2846,20.0
8384,834.0
3020,5.0
8430,450.0
6308,0.0
6134,77.0
8310,0.0
5747,179.0
836,8628.0
7402,25.0
1847,0.0
153,23.0
7095,335.0
216,0.0
1335,7725.0
3787,0.0
2146,12468.0
5846,85.0
8613,624.0
5506,487.0
4137,0.0
2569,111.0
8289,0.0
5394,3.0
3340,538.0
250,0.0
600,10263.0
8290,27.0
8411,31.0
5713,0.0
4399,0.0
149,305.0
4258,1519.0
2235,9814.0
1984,43.0
1932,10.0
2148,0.0
2334,3.0
5375,771.0
6245,4233.0
5089,55.0
5386,0.0
3056,21.0
8193,1509.0
7882,15.0
5381,1353.0
1021,3964.0
6496,5697.0
7372,1627.0
7792,362.0
5300,57.0
926,110.0
6173,259.0
4186,1.0
1445,1447.0
262,16.0
6595,2885.0
1915,0.0
741,0.0
6493,603.0
5722,0.0
3012,0.0
3547,460.0
2174,17.0
6490,0.0
6285,9.0
8091,0.0
3732,1169.0
3916,0.0
7010,0.0
8309,0.0
7385,1351.0
2163,14.0
6562,0.0
780,18.0
1220,1.0
5326,201.0
5518,9.0
4072,822.0
3828,1020.0
7723,7165.0
4604,1.0
4030,9543.0
1919,0.0
240,127.0
2493,0.0
4276,0.0
2141,5257.0
7260,82.0
6922,0.0
4240,36.0
4220,279.0
7438,864.0
3993,556.0
755,15.0
7745,62.0
1415,1795.0
7787,41.0
6928,1.0
8705,17259.0
4623,0.0
717,0.0
4681,3417.0
4467,86.0
1733,118.0
2170,0.0
2635,39.0
2883,0.0
1156,453.0
5046,0.0
4144,1742.0
2159,1020.0
5610,1032.0
7522,931.0
6844,0.0
7236,27.0
5898,1281.0
4355,2858.0
5443,182.0
6194,2335.0
3159,363.0
3779,2453.0
1714,29.0
2398,0.0
4534,417.0
5416,1142.0
4897,17.0
4362,12.0
1240,223.0
3328,0.0
1469,2238.0
8353,332.0
2151,0.0
3220,12.0
3003,239.0
6256,24.0
2439,2527.0
1333,2.0
5652,6.0
4077,1284.0
860,8.0
2405,27.0
120,0.0
707,0.0
8695,4665.0
1498,0.0
8273,491.0
4903,0.0
6378,87.0
6864,4.0
6017,3290.0
6789,1.0
3208,548.0
1780,37.0
2805,2941.0
4711,1154.0
7418,1.0
6197,0.0
3045,292.0
8148,104.0
5793,47.0
8689,2.0
2125,585.0
5691,194.0
3589,1032.0
5521,115.0
7885,3.0
7516,54.0
3355,326.0
5530,0.0
2614,590.0
6729,0.0
6627,4.0
2568,15.0
1943,675.0
4040,21.0
1762,0.0
17,2287.0
1999,112.0
5460,92.0
3853,0.0
7151,329.0
3140,11276.0
7775,1703.0
6442,3079.0
8494,38.0
2549,0.0
7989,928.0
1075,1674.0
1585,278.0
7618,195.0
14,1.0
1618,612.0
4902,2482.0
1623,15.0
3690,8.0
2062,2655.0
7176,1337.0
8694,133.0
2136,140.0
1945,2131.0
4558,1059.0
7878,6278.0
4227,0.0
3771,9901.0
4457,5.0
7515,1753.0
5491,943.0
5243,13.0
6429,0.0
7470,1685.0
1742,93.0
7934,6.0
5163,685.0
5120,162.0
6550,108.0
1121,38.0
7096,14.0
2063,343.0
830,4683.0
4310,614.0
700,0.0
5241,137.0
6837,406.0
2237,3.0
5077,25.0
2949,4011.0
5338,2265.0
4775,1460.0
8011,1042.0
6847,1047.0
6355,2.0
3557,1072.0
5536,0.0
1535,0.0
4462,195.0
1574,1.0
2814,240.0
4581,0.0
4249,0.0
4883,207.0
7746,0.0
7,424.0
7932,0.0
807,0.0
4653,49.0
8320,10209.0
2623,342.0
10,499.0
7766,1.0
6066,2.0
1768,1.0
6535,0.0
534,24.0
2515,478.0
2303,1235.0
1024,37.0
1174,354.0
5696,0.0
3852,0.0
4005,0.0
2984,595.0
8349,0.0
7729,1.0
4655,145.0
4689,0.0
4769,0.0
4662,1.0
7404,185.0
1843,0.0
8199,0.0
6796,2874.0
2300,204.0
7257,17.0
1766,1.0
3713,77.0
1032,68.0
5961,1.0
386,2.0
5284,0.0
850,13.0
6945,174.0
418,95.0
2275,265.0
6639,56.0
6445,0.0
2898,0.0
8056,8.0
5824,13.0
1857,0.0
1198,505.0
8043,2675.0
4455,700.0
6938,1926.0
1234,4527.0
8085,2.0
5412,269.0
230,2001.0
6376,405.0
5019,0.0
8731,0.0
6216,0.0
7370,56.0
379,5869.0
7218,2734.0
5675,137.0
6506,440.0
8081,103.0
1322,251.0
4782,0.0
6427,1108.0
137,1.0
315,3063.0
4102,0.0
3676,4974.0
1863,0.0
3531,0.0
6792,0.0
7399,169.0
245,23.0
7558,13971.0
6766,1939.0
1144,11.0
1271,65.0
3791,1.0
7445,12918.0
886,0.0
1407,0.0
8551,48.0
8640,5901.0
6404,19.0
6808,0.0
1416,0.0
7915,18.0
6606,6575.0
754,0.0
576,0.0
5775,841.0
4125,437.0
1846,0.0
3234,152.0
8144,7.0
4716,0.0
8351,0.0
6840,270.0
3471,454.0
6153,0.0
938,0.0
2339,11.0
1959,235.0
7018,204.0
6011,0.0
8015,26.0
7810,0.0
1211,1440.0
3838,2080.0
1059,3.0
6540,251.0
7785,0.0
2256,2405.0
459,2012.0
3554,291.0
89,33.0
3316,34.0
3180,554.0
753,23.0
7929,6.0
3125,2.0
3803,1.0
8061,0.0
7413,3.0
7380,263.0
2054,1303.0
3846,122.0
8322,3133.0
4253,987.0
293,665.0
7364,0.0
2018,2656.0
8202,0.0
5995,1916.0
8573,0.0
4293,1465.0
2642,6260.0
552,2023.0
6500,2279.0
2129,0.0
557,257.0
2992,1479.0
1608,0.0
1783,19.0
7425,882.0
1605,313.0
4387,0.0
4053,0.0
6441,0.0
1408,0.0
5911,647.0
7204,2569.0
281,0.0
683,1405.0
7447,99.0
4498,955.0
6975,0.0
798,95.0
3191,0.0
7512,1700.0
4713,0.0
3089,778.0
2548,15.0
5314,0.0
5991,151.0
6077,0.0
6899,156.0
8669,1.0
4291,0.0
4841,27.0
4086,967.0
7024,241.0
7136,104.0
2322,209.0
7570,1.0
2628,0.0
7302,566.0
3063,4249.0
336,117.0
7991,1.0
4552,1.0
2929,91.0
4273,3330.0
8467,560.0
4337,444.0
5764,11576.0
4564,0.0
7621,1.0
3271,462.0
36,444.0
6268,1785.0
2264,81.0
3525,0.0
4817,7111.0
2960,13.0
3327,135.0
4959,566.0
4672,1.0
6688,968.0
3241,755.0
5339,1.0
8186,10.0
7913,5.0
6929,10.0
885,364.0
8473,0.0
6619,16.0
8762,0.0
1227,0.0
7794,0.0
6650,8429.0
835,0.0
266,0.0
6932,599.0
5134,3676.0
5836,579.0
4809,240.0
4680,133.0
4045,3214.0
5727,799.0
4537,327.0
8398,259.0
3908,1.0
6734,3.0
2479,1.0
4252,438.0
5267,179.0
270,1290.0
4019,0.0
2989,0.0
2417,480.0
4810,798.0
5250,69.0
4432,0.0
5305,4.0
2114,2271.0
5017,174.0
4185,3.0
4108,371.0
2182,254.0
7180,6.0
1539,0.0
4184,0.0
8146,7987.0
6983,1437.0
5792,78.0
782,1.0
8432,0.0
1935,0.0
2759,45.0
3437,8721.0
575,1.0
6512,0.0
622,812.0
1661,917.0
7737,779.0
2553,6.0
7689,0.0
6553,1919.0
5534,1641.0
4241,732.0
955,346.0
7956,0.0
1758,38.0
8084,0.0
4350,43.0
7450,423.0
5658,0.0
6043,800.0
7016,7.0
4659,0.0
7004,1.0
2702,2.0
6040,197.0
553,21.0
6574,7.0
7207,252.0
8115,445.0
4076,2041.0
7867,0.0
6272,12.0
7282,224.0
445,156.0
4375,3.0
8423,9.0
8019,3643.0
5626,17.0
1372,3.0
2434,545.0
1889,0.0
7007,34.0
2873,174.0
7675,4102.0
5382,6.0
4202,426.0
6783,23.0
7048,0.0
2829,2.0
6849,1692.0
2422,3.0
8491,1866.0
7186,0.0
1183,23.0
8266,13.0
5492,5815.0
3526,0.0
3607,484.0
7468,1.0
5286,2316.0
2904,99.0
3918,0.0
5508,609.0
2336,124.0
3483,219.0
3323,0.0
6358,326.0
2366,0.0
3513,3.0
5816,50.0
2000,189.0
3420,0.0
3369,22.0
7896,802.0
1547,152.0
1306,5.0
3054,95.0
5622,115.0
769,8.0
7969,2337.0
3759,44.0
2032,38.0
116,2305.0
8346,0.0
4705,0.0
2200,16.0
7297,113.0
7123,0.0
3104,448.0
8239,6.0
7653,0.0
360,0.0
5270,712.0
1130,0.0
7533,29.0
4762,0.0
4607,0.0
2012,0.0
5078,0.0
8435,137.0
6665,0.0
5252,1110.0
7736,0.0
1,620.0
1045,3948.0
6892,17.0
641,0.0
6647,2.0
4698,44.0
69,7.0
6696,561.0
6809,1689.0
1880,0.0
1694,5.0
5215,0.0
8229,0.0
3335,0.0
2353,0.0
4470,1373.0
7806,0.0
8376,134.0
4811,12.0
3201,0.0
4285,10.0
8509,2.0
925,79.0
1632,0.0
3746,3.0
1131,5.0
3148,29.0
1524,2.0
6629,4.0
417,251.0
5665,0.0
1301,0.0
4748,1.0
752,92.0
1423,16.0
2574,46.0
7127,14.0
1599,12.0
7079,10.0
1754,25.0
4075,0.0
1208,1.0
5609,31.0
3954,1905.0
1381,8.0
5325,0.0
5668,0.0
93,0.0
3651,99.0
8006,0.0
7921,34.0
3338,27.0
4877,0.0
7993,1947.0
3555,0.0
7848,205.0
7519,1.0
6701,0.0
229,185.0
6963,1295.0
204,0.0
3240,8.0
1702,4944.0
2324,2.0
8209,1171.0
7347,1374.0
4909,387.0
7383,123.0
7505,1.0
2299,4124.0
3468,325.0
7837,4617.0
3488,0.0
3799,37.0
4507,0.0
8653,5.0
3922,11.0
6586,3471.0
5137,27.0
5124,0.0
7371,75.0
5322,64.0
7683,0.0
7434,0.0
629,0.0
8253,870.0
6738,0.0
856,0.0
6009,1715.0
5054,2.0
8389,10063.0
421,5.0
430,0.0
4054,536.0
4957,1153.0
5345,2127.0
8281,0.0
7952,1.0
3992,184.0
5193,0.0
3668,0.0
8592,551.0
1950,58.0
8396,0.0
8477,429.0
68,148.0
8187,2.0
2321,5112.0
429,246.0
1374,41.0
5203,177.0
2833,27.0
7032,62.0
7965,9.0
4166,0.0
1396,5.0
251,877.0
3899,104.0
5951,13.0
3100,196.0
4691,0.0
6069,505.0
7376,0.0
1865,0.0
8610,228.0
2091,494.0
2222,5.0
3133,0.0
7015,127.0
7754,69.0
2715,0.0
967,1.0
3533,1049.0
2108,0.0
6180,3050.0
3896,3875.0
8539,307.0
4369,2514.0
6867,269.0
5141,0.0
3134,0.0
397,0.0
3350,552.0
3556,0.0
8007,4.0
3706,4956.0
4743,1213.0
1437,0.0
5340,106.0
6482,3.0
233,0.0
2705,1.0
2911,581.0
1725,100.0
7761,0.0
8221,0.0
6186,1430.0
2727,0.0
4843,2.0
3534,12.0
5741,67.0
7899,34.0
5149,3772.0
7268,147.0
376,53.0
1850,0.0
3235,295.0
5168,7660.0
6292,0.0
6298,10.0
2916,2.0
5216,1561.0
8242,0.0
2346,3.0
1007,85.0
7985,365.0
6866,1080.0
2365,208.0
7725,154.0
363,1.0
3621,0.0
6012,624.0
5413,349.0
3071,2.0
642,0.0
4204,138.0
226,126.0
1142,1393.0
3821,2.0
4824,541.0
1371,2.0
2552,43.0
5073,10.0
8314,622.0
891,0.0
1643,121.0
3024,3.0
2799,349.0
4426,16.0
5771,1.0
2059,100.0
1284,1589.0
4794,21.0
2081,1870.0
481,75.0
5401,0.0
4099,1159.0
6183,364.0
4523,27.0
5065,120.0
1209,18.0
8241,1302.0
8073,4.0
6096,1652.0
7914,2359.0
7670,2.0
4217,0.0
8255,0.0
1916,780.0
7382,0.0
2951,0.0
3795,157.0
827,271.0
3404,540.0
3867,10.0
1732,0.0
7435,227.0
4785,13.0
431,372.0
6592,0.0
1653,58.0
2301,1.0
3536,16.0
362,344.0
6651,13.0
3994,183.0
6703,9.0
5296,6.0
3749,454.0
4441,0.0
8510,2.0
5132,4.0
6679,11839.0
6537,551.0
5705,2718.0
1383,640.0
6236,0.0
4916,1.0
953,1.0
5549,213.0
4547,0.0
8438,815.0
4499,2709.0
1516,231.0
7871,14.0
1417,0.0
2828,616.0
7580,653.0
6108,0.0
704,101.0
6927,0.0
7130,89.0
3847,1076.0
6784,3016.0
5754,79.0
4798,0.0
617,517.0
4925,349.0
8517,7254.0
6613,1.0
3403,792.0
5944,2848.0
4055,54.0
5517,3244.0
5994,0.0
32,2059.0
6750,4635.0
3500,0.0
6366,0.0
6008,0.0
4010,53.0
2120,6844.0
8525,0.0
895,9.0
1438,17.0
1941,50.0
8326,43.0
5619,5432.0
1074,41.0
1152,104.0
2297,6341.0
7813,0.0
2495,0.0
4922,1.0
5407,0.0
852,0.0
6325,1137.0
3080,5149.0
4741,983.0
8457,406.0
8738,10.0
2044,6.0
549,149.0
8031,0.0
4250,0.0
3643,0.0
5022,320.0
2785,15.0
5525,1.0
979,0.0
591,0.0
8000,16.0
1806,4581.0
8642,2914.0
1073,0.0
3820,15.0
4855,950.0
3599,314.0
5768,421.0
6326,1219.0
5831,1.0
121,1029.0
1686,7982.0
896,102.0
5952,66.0
688,1005.0
7820,5064.0
6953,21.0
7411,25.0
6917,41.0
7457,0.0
6872,3.0
3573,1.0
8231,0.0
248,175.0
1578,0.0
6839,0.0
2250,0.0
2646,833.0
5192,135.0
4787,176.0
1904,4806.0
2781,4.0
4867,43.0
2860,12100.0
8343,142.0
6436,124.0
7752,0.0
19,405.0
4061,175.0
3972,0.0
6100,1624.0
4123,829.0
2463,8360.0
3445,94.0
2456,10060.0
995,6.0
7084,1.0
180,1385.0
1477,5865.0
3465,6.0
2525,1.0
499,0.0
5844,0.0
538,0.0
38,10.0
7866,7.0
3394,1662.0
5186,200.0
7945,2.0
5949,495.0
6221,20456.0
2156,7.0
7345,5.0
2645,125.0
1193,40.0
7836,112.0
5861,11.0
1077,1596.0
2872,13.0
3740,36.0
6474,870.0
1118,3870.0
7715,1015.0
5659,4.0
3326,0.0
7291,1294.0
1344,0.0
5852,234.0
4693,2753.0
2139,2947.0
7103,2165.0
391,4.0
6309,5.0
897,79.0
8458,10.0
7355,2792.0
5495,825.0
2371,80.0
8690,12.0
5304,0.0
3386,0.0
6137,2.0
2233,0.0
628,1146.0
6013,5312.0
8259,0.0
6858,76.0
1802,10.0
6085,329.0
2246,0.0
7097,0.0
8622,207.0
7953,247.0
1069,541.0
5748,3.0
6628,353.0
849,0.0
880,378.0
3984,1.0
2618,204.0
7869,53.0
2995,0.0
7666,0.0
5881,114.0
1476,211.0
1731,0.0
465,1179.0
2824,1.0
4049,9047.0
946,5994.0
3182,1.0
468,131.0
5261,0.0
4640,166.0
7809,47.0
7773,0.0
466,589.0
3356,8.0
8751,10.0
5636,205.0
5920,901.0
2792,238.0
2208,0.0
294,1762.0
5612,9229.0
2540,32.0
3839,801.0
3379,16.0
7301,929.0
5893,0.0
2028,0.0
603,4711.0
5946,406.0
2173,1.0
1579,2668.0
6167,643.0
6231,1184.0
2851,6299.0
4598,847.0
7074,181.0
6585,0.0
6291,0.0
4568,1.0
2033,3663.0
2099,18.0
1154,0.0
169,31.0
1363,656.0
473,9.0
7042,0.0
3118,0.0
2796,0.0
3169,11.0
2818,2.0
7067,429.0
4559,4002.0
1098,752.0
5693,14.0
4865,16.0
3412,2271.0
2868,110.0
5673,744.0
4574,1048.0
7606,956.0
5817,1.0
1789,253.0
3222,3.0
2420,309.0
4384,108.0
4382,0.0
2293,1777.0
2092,996.0
3958,12.0
5180,388.0
4754,2732.0
201,6135.0
3198,15.0
1286,0.0
2832,0.0
6939,1.0
8647,606.0
414,0.0
5174,0.0
7900,0.0
1263,0.0
991,0.0
6652,76.0
4641,494.0
8215,0.0
2310,3950.0
2010,0.0
4418,360.0
1245,6.0
4439,8.0
951,728.0
6644,3192.0
3478,107.0
873,67.0
7937,193.0
2035,0.0
3018,1130.0
1051,0.0
2817,0.0
3786,1496.0
6064,351.0
2565,0.0
5068,1.0
6744,582.0
199,521.0
4650,17.0
4502,70.0
5510,755.0
8164,842.0
1063,4.0
259,83.0
4328,1949.0
7793,120.0
383,0.0
198,73.0
3060,43.0
4181,0.0
8336,0.0
5135,4.0
4747,0.0
8680,78.0
4238,358.0
4875,1119.0
1902,0.0
1965,719.0
6725,413.0
3272,707.0
4776,0.0
7078,5087.0
7738,557.0
608,187.0
4522,1.0
7213,0.0
5169,4744.0
6855,3442.0
7760,741.0
2274,0.0
3263,0.0
7523,2981.0
4947,822.0
4606,0.0
6985,0.0
8077,166.0
3149,411.0
6171,2353.0
7628,23.0
2539,0.0
2286,767.0
4848,0.0
3733,50.0
5977,11.0
4380,3.0
3294,0.0
7755,26.0
3436,5234.0
6527,19.0
5973,0.0
7982,27.0
7596,1126.0
1683,2850.0
4783,4325.0
605,1.0
8591,3.0
492,3562.0
4660,0.0
5103,1172.0
1022,2.0
7531,239.0
6423,0.0
5621,369.0
6094,161.0
61,2447.0
5551,1143.0
4472,1404.0
356,1.0
72,0.0
3558,1334.0
7790,17.0
804,78.0
645,1.0
276,0.0
3903,0.0
1844,2.0
5847,2.0
2542,6.0
6555,2503.0
1386,2.0
4313,1803.0
5475,41.0
3683,10.0
7070,1.0
739,413.0
6539,1.0
6174,9162.0
2080,5.0
1068,36.0
3135,185.0
3051,0.0
1201,112.0
1924,69.0
2251,191.0
4834,7.0
5133,116.0
2219,2.0
3836,0.0
7365,239.0
1565,0.0
2094,182.0
4666,3320.0
8682,27.0
6472,0.0
596,49.0
4135,94.0
5,2.0
2789,0.0
5520,344.0
3995,0.0
5347,0.0
8668,2.0
4443,905.0
3267,5.0
2401,7.0
7131,45.0
2577,101.0
7171,0.0
5666,174.0
1500,37.0
4309,2225.0
1582,40.0
367,1575.0
6780,0.0
4954,84.0
1375,137.0
4323,0.0
6019,14.0
767,951.0
3224,908.0
7692,140.0
7247,0.0
7960,0.0
565,0.0
5202,0.0
4385,6105.0
1230,742.0
2413,0.0
6314,5106.0
101,161.0
4921,44.0
6532,3294.0
1820,0.0
6055,334.0
7053,11.0
1287,1664.0
1809,1576.0
6385,0.0
6004,0.0
7705,3.0
3121,1.0
6300,0.0
2490,12.0
664,14055.0
7400,252.0
8742,33.0
7844,258.0
5092,0.0
2388,6.0
7261,1315.0
5297,0.0
961,0.0
7239,1.0
7977,27.0
1252,1802.0
7499,865.0
5625,2246.0
7843,0.0
5529,8277.0
1698,87.0
2225,27.0
5398,0.0
6420,119.0
1502,918.0
8643,0.0
8663,0.0
3695,0.0
6416,7.0
7999,3652.0
2020,6.0
6897,0.0
6371,1625.0
1586,3941.0
8521,51.0
5436,43.0
3673,0.0
6373,1943.0
6702,137.0
6826,294.0
3874,247.0
6773,306.0
871,1054.0
1492,1244.0
347,2.0
4936,1418.0
712,4086.0
372,0.0
878,1771.0
7174,929.0
4764,0.0
2756,1042.0
301,6546.0
2457,0.0
8072,0.0
6276,137.0
1666,7.0
496,256.0
4556,387.0
2764,14.0
4394,0.0
2184,2359.0
462,0.0
5681,136.0
2931,1.0
8475,0.0
3461,4217.0
1312,3080.0
3200,1122.0
7861,997.0
573,1.0
2445,73.0
5915,1697.0
2598,134.0
4292,131.0
569,1.0
3582,1631.0
6968,6396.0
6615,492.0
4605,183.0
8487,101.0
1251,147.0
2171,34.0
2716,0.0
2659,449.0
7983,56.0
292,2062.0
6804,4152.0
3767,4451.0
5987,75.0
1270,0.0
4999,1121.0
4248,337.0
7557,585.0
3007,158.0
4935,38.0
3762,0.0
1988,219.0
813,0.0
582,20887.0
311,0.0
5139,1283.0
1340,0.0
2695,860.0
514,0.0
3715,3187.0
5563,1.0
2875,2322.0
7673,0.0
3911,0.0
5388,771.0
398,6.0
2773,0.0
5473,0.0
4182,1040.0
6125,4.0
4720,13441.0
2954,895.0
6239,3.0
1922,257.0
4165,1428.0
3049,220.0
7267,2183.0
1107,1.0
2160,305.0
3610,56.0
5877,0.0
5105,113.0
1878,0.0
4089,25.0
2473,0.0
4436,5772.0
8362,438.0
4934,0.0
1235,54.0
7808,0.0
921,26.0
20,24.0
3885,0.0
3438,977.0
2953,3.0
4722,113.0
5672,31.0
2074,0.0
4174,31.0
8699,190.0
5645,0.0
1346,4221.0
490,2.0
1862,7.0
7065,24.0
4652,676.0
8471,0.0
2217,0.0
4555,3689.0
588,410.0
5368,7.0
8379,22.0
2742,229.0
1187,21.0
5030,0.0
4211,1366.0
2811,1479.0
1721,0.0
1491,22.0
4504,0.0
3813,5050.0
6177,5.0
5941,5.0
7781,0.0
5848,0.0
1656,1613.0
4129,0.0
2710,23.0
2431,2571.0
7037,0.0
1545,1.0
5886,2563.0
3444,1.0
4216,11.0
7426,0.0
8330,393.0
2269,3.0
2197,10.0
1479,0.0
7657,4.0
691,5.0
5033,58.0
8256,133.0
5399,1.0
2518,0.0
6014,1082.0
772,1.0
853,7771.0
4593,390.0
2936,268.0
469,0.0
3602,0.0
2517,1.0
3174,136.0
2427,13521.0
6525,0.0
4000,0.0
2990,293.0
1575,1304.0
5565,0.0
6835,416.0
8029,5.0
7747,8136.0
3425,0.0
7269,139.0
1413,0.0
446,2989.0
6484,27.0
5837,306.0
5258,3.0
8618,0.0
1258,1349.0
2224,20.0
619,3981.0
4740,772.0
3194,1.0
2480,0.0
3869,655.0
8739,2.0
3947,6205.0
6486,1328.0
8760,86.0
4104,7385.0
1439,82.0
7583,1981.0
6791,10.0
890,0.0
3718,2113.0
6311,9.0
6515,152.0
3470,749.0
6478,426.0
1186,109.0
7039,33.0
1232,9.0
7600,0.0
4391,1.0
8495,2762.0
733,6.0
7353,94.0
1610,0.0
1480,7.0
2664,0.0
4142,0.0
5608,0.0
1436,0.0
5697,4.0
7918,0.0
1262,1230.0
2502,400.0
66,26.0
7981,0.0
6087,0.0
1441,199.0
6322,444.0
6942,716.0
5090,1633.0
6084,17.0
5617,143.0
3494,0.0
3895,1420.0
4122,1.0
1311,0.0
3638,11.0
5545,187.0
268,642.0
1680,295.0
3719,4.0
5352,0.0
5070,3.0
6674,0.0
7658,0.0
8212,3.0
5307,1.0
8568,50.0
3860,0.0
7897,316.0
5464,9.0
3357,0.0
7025,7.0
4024,0.0
507,1368.0
2327,4886.0
5724,0.0
3519,789.0
4664,751.0
4446,185.0
6889,6403.0
4832,18.0
6162,104.0
3157,1905.0
7495,0.0
479,5.0
7367,0.0
6937,0.0
8093,604.0
8004,729.0
8563,7.0
1839,1421.0
4180,0.0
3608,0.0
3966,89.0
3119,67.0
2350,2845.0
5803,2495.0
6860,105.0
4105,759.0
8460,51.0
2287,169.0
6697,888.0
7156,110.0
6756,60.0
3509,243.0
6229,305.0
2069,0.0
8596,0.0
1241,0.0
1466,539.0
8139,23.0
7038,0.0
8540,0.0
7008,2.0
7506,0.0
4482,1.0
8244,8.0
8368,0.0
1573,15.0
2848,247.0
2215,0.0
1558,0.0
5976,11.0
2262,703.0
1624,0.0
228,0.0
5173,2357.0
5579,76.0
6184,400.0
7444,112.0
8756,4738.0
6452,14.0
7939,6.0
2999,21.0
8195,140.0
7392,21.0
3510,3.0
1316,53.0
787,1.0
7972,0.0
2627,697.0
4289,260.0
339,261.0
6274,156.0
3729,23.0
5978,241.0
6282,16464.0
6214,1088.0
4388,6.0
677,10.0
6807,332.0
5099,7726.0
3421,0.0
5279,7.0
3218,417.0
5993,0.0
444,2059.0
3044,12.0
1275,1835.0
817,0.0
751,0.0
6623,55.0
7986,499.0
2232,202.0
6609,12126.0
5709,2714.0
3625,579.0
1835,184.0
6915,15.0
8267,677.0
4317,0.0
3103,151.0
8748,46.0
5896,1982.0
7800,412.0
252,956.0
1561,697.0
4644,0.0
3502,0.0
5315,454.0
3530,1.0
8375,8.0
7035,974.0
6415,169.0
2070,0.0
823,81.0
7735,3430.0
3775,0.0
8657,1.0
6511,7882.0
583,1305.0
5450,19.0
100,0.0
3288,251.0
1083,0.0
8276,77.0
7093,4.0
2535,65.0
2555,1877.0
3287,0.0
4674,217.0
477,0.0
4468,0.0
328,9562.0
7764,2293.0
1681,52.0
3926,0.0
1765,2.0
5759,6.0
6544,2.0
8012,3886.0
8444,1.0
6353,200.0
2009,198.0
7846,36.0
4319,259.0
2694,1.0
1215,0.0
4476,253.0
4066,298.0
6124,24.0
5533,4896.0
5710,146.0
7674,32.0
1645,1.0
6172,242.0
2734,0.0
4866,289.0
124,0.0
4828,1977.0
8614,1143.0
4927,201.0
8696,59.0
5004,3.0
4098,1105.0
5366,861.0
8282,9.0
1598,2210.0
2076,83.0
1100,0.0
3801,0.0
5980,347.0
6182,7444.0
2969,0.0
577,0.0
669,20.0
6560,0.0
1033,791.0
1214,5.0
4103,0.0
1044,383.0
2331,1.0
7193,6.0
2685,119.0
5359,76.0
7431,269.0
1522,2.0
6499,6599.0
6070,0.0
6954,14710.0
1391,0.0
5278,1607.0
6340,1.0
981,7206.0
812,2304.0
3474,1022.0
7556,29.0
5981,0.0
2652,1.0
1229,1.0
7862,687.0
8577,208.0
3226,5.0
213,682.0
2721,2296.0
4571,283.0
3743,387.0
2857,54.0
7503,0.0
6492,2612.0
5998,13919.0
1036,0.0
8707,515.0
8014,0.0
1473,6.0
451,0.0
8476,0.0
1020,333.0
841,47.0
5575,601.0
6948,1243.0
7930,0.0
680,35.0
1373,2.0
6078,4186.0
657,3.0
2561,42.0
2411,2.0
255,0.0
8045,151.0
6270,1973.0
7479,2265.0
5884,727.0
4001,185.0
2905,21.0
8702,3.0
4084,2520.0
3485,59.0
4539,23.0
263,19.0
1150,1.0
1189,0.0
6680,935.0
1808,0.0
3585,14.0
5809,7.0
3166,587.0
2714,0.0
6771,210.0
2917,6.0
8037,0.0
7873,1.0
4373,5557.0
1823,327.0
2767,0.0
4943,2784.0
2096,887.0
516,985.0
750,28.0
3698,8.0
6321,0.0
1757,6.0
5799,27.0
3384,3685.0
1155,2899.0
4422,639.0
2147,5.0
8166,7.0
1953,377.0
8357,0.0
6664,0.0
5680,0.0
3181,42.0
4294,2025.0
8083,233.0
5588,2179.0
5804,0.0
1926,5.0
523,4.0
3415,548.0
6941,0.0
4686,647.0
6582,46.0
2611,38.0
8515,1708.0
6831,6.0
8374,604.0
1053,41.0
7139,819.0
8369,8.0
5780,10108.0
8047,1229.0
7535,2568.0
7491,153.0
2801,581.0
8030,2064.0
4376,1447.0
8514,10.0
256,521.0
8226,1.0
4994,68.0
7019,4096.0
297,12.0
2571,56.0
1264,621.0
5425,1.0
8530,8.0
497,217.0
2797,0.0
3172,948.0
4658,3062.0
970,92.0
586,26.0
1243,30.0
504,0.0
110,985.0
4412,0.0
3878,1164.0
6299,769.0
6528,14.0
5858,175.0
1515,741.0
5882,80.0
3249,0.0
3898,0.0
1891,3260.0
620,0.0
7354,1116.0
5758,10.0
6397,1409.0
670,44.0
6030,0.0
7680,1438.0
1637,1.0
2037,1236.0
5996,0.0
7414,1.0
1326,0.0
7474,2811.0
8597,0.0
711,197.0
7333,517.0
3279,7193.0
6403,5076.0
7422,128.0
5037,3727.0
4018,2.0
556,1418.0
660,1154.0
4592,1.0
4264,332.0
1859,0.0
6566,6.0
399,7.0
564,119.0
5246,0.0
6986,2556.0
1404,17004.0
5446,3990.0
4347,1.0
1553,0.0
3414,137.0
4449,0.0
3851,0.0
1596,2321.0
2433,1298.0
7480,1732.0
3064,1631.0
4226,0.0
6776,835.0
2720,71.0
5086,660.0
4938,38.0
7894,293.0
4212,8707.0
1159,40.0
2852,1612.0
3606,728.0
6720,39.0
1334,0.0
3675,1970.0
5097,0.0
8131,9733.0
2402,1.0
8141,0.0
7375,441.0
4411,7903.0
4278,525.0
4668,0.0
4141,0.0
7731,3667.0
5762,0.0
8654,30.0
1179,5112.0
5011,1.0
2364,1441.0
283,0.0
837,5.0
6868,272.0
2871,371.0
3358,7279.0
7539,158.0
6217,1150.0
3441,0.0
7406,4.0
3586,6.0
4198,0.0
3551,191.0
7448,59.0
8513,0.0
1744,1441.0
59,1841.0
6048,0.0
7701,2610.0
7890,444.0
7115,30.0
8234,54.0
7117,2179.0
6368,2029.0
6288,52.0
8587,1.0
1761,11.0
2015,10.0
1467,65.0
1289,15.0
5231,1.0
2013,8770.0
271,55.0
7562,1.0
6830,2673.0
6719,6569.0
1774,443.0
5833,0.0
3142,259.0
2056,0.0
456,1203.0
1405,483.0
2186,625.0
2591,1100.0
640,5780.0
1329,3314.0
99,107.0
5303,248.0
165,3.0
4744,6.0
6467,0.0
2930,2324.0
1109,1276.0
8378,263.0
8046,1.0
4398,125.0
7961,113.0
4763,11302.0
2713,49.0
1203,40.0
3700,15.0
4263,0.0
5499,30.0
7339,3390.0
2876,417.0
3378,97.0
5589,0.0
181,100.0
5310,159.0
2511,503.0
3776,19.0
1825,3.0
2270,0.0
3550,1.0
3351,0.0
8434,3.0
2455,855.0
1570,433.0
7881,30.0
7179,19.0
2471,46.0
221,37.0
5424,0.0
4257,0.0
649,12.0
8118,40.0
5654,1783.0
426,2213.0
2485,0.0
2586,118.0
1533,1.0
908,0.0
3973,0.0
8123,1276.0
1665,3.0
3221,0.0
6898,0.0
6223,1333.0
5251,0.0
933,0.0
1119,10745.0
7850,6.0
4870,0.0
1145,74.0
1613,12.0
7146,20.0
747,186.0
6683,2.0
4268,1.0
7655,3071.0
4967,5239.0
359,528.0
2918,160.0
1394,30.0
941,2432.0
7538,8.0
7469,0.0
2355,24.0
8017,73.0
2227,0.0
6836,0.0
6754,41.0
6946,13196.0
816,351.0
4904,7279.0
4746,4030.0
6552,1497.0
7303,3574.0
47,154.0
6405,19.0
8556,1018.0
4051,0.0
92,36.0
1815,0.0
2289,3387.0
4642,2.0
3987,0.0
2620,539.0
2557,0.0
7529,4214.0
2446,25.0
7612,180.0
3188,3.0
3951,1192.0
7679,68.0
6145,73.0
6083,345.0
1116,0.0
1606,109.0
5268,1013.0
1559,5.0
5631,0.0
7607,50.0
2959,34.0
4577,1546.0
6073,2.0
6259,0.0
2078,3062.0
6117,273.0
3451,5.0
2296,2538.0
7322,0.0
7585,27.0
4288,394.0
1015,109.0
1102,18.0
7346,1456.0
1826,470.0
2239,2.0
5355,1465.0
5447,130.0
2626,65.0
6434,4.0
2532,131.0
7901,291.0
8003,3870.0
3268,400.0
4619,3234.0
4496,0.0
8022,172.0
4006,1274.0
8537,1.0
2113,35.0
6093,902.0
3081,1934.0
1027,14.0
5185,285.0
6477,1.0
1831,773.0
8671,944.0
1764,0.0
8448,0.0
8493,231.0
4565,0.0
7609,32.0
917,14.0
5240,2954.0
7770,315.0
5198,0.0
4837,0.0
6895,1.0
3765,518.0
142,1702.0
3756,0.0
6252,421.0
400,0.0
5212,979.0
5702,94.0
6508,486.0
406,0.0
3647,24.0
2802,1017.0
4351,665.0
4955,66.0
4549,0.0
114,846.0
1361,2.0
3842,41.0
597,0.0
5550,50.0
2961,87.0
1339,588.0
4888,780.0
5872,519.0
5552,4.0
5810,271.0
2048,26.0
4518,0.0
4857,272.0
334,1.0
174,0.0
8016,5.0
6456,535.0
2302,1.0
3977,2076.0
4302,5450.0
4286,1.0
3939,4452.0
2207,25.0
6520,507.0
1094,193.0
8612,5.0
4152,347.0
4183,1.0
5360,1449.0
8408,0.0
4806,1.0
5954,4063.0
4423,1009.0
6260,1769.0
5663,0.0
6903,0.0
7198,521.0
7456,3.0
1622,810.0
4729,858.0
667,135.0
3635,0.0
4618,9.0
5342,246.0
1737,1302.0
3671,40.0
2731,0.0
4520,99.0
7534,8.0
2861,9.0
2468,742.0
6633,444.0
5477,236.0
2066,4917.0
4215,931.0
6413,1830.0
3989,391.0
6759,0.0
7044,2816.0
8636,2743.0
690,39.0
6934,418.0
2686,0.0
8116,195.0
4989,1.0
3023,0.0
1526,27.0
5927,104.0
6728,3078.0
4929,619.0
2657,0.0
5034,7258.0
840,8184.0
2667,5.0
6213,91.0
8331,5681.0
8463,1.0
2706,42.0
4637,1.0
2188,1080.0
2784,547.0
2827,56.0
6102,0.0
3247,970.0
1537,0.0
3472,336.0
6916,0.0
7549,54.0
3697,587.0
2462,1016.0
1151,1.0
1081,14.0
2889,0.0
1321,206.0
4648,758.0
540,183.0
5084,610.0
1548,0.0
5217,1449.0
2187,13.0
6880,0.0
8500,246.0
7573,0.0
4663,1013.0
7481,365.0
1336,108.0
5179,5089.0
5213,1333.0
7648,2192.0
8713,0.0
7613,16.0
1043,105.0
2374,1.0
8167,10.0
2162,2.0
7263,1671.0
1956,1000.0
1222,2.0
3141,6541.0
5028,0.0
7197,33.0
651,2944.0
7659,8863.0
5725,3394.0
7906,5101.0
1509,830.0
2022,343.0
4562,225.0
6086,1723.0
949,0.0
39,16.0
8251,227.0
1347,219.0
8727,0.0
5210,3599.0
3393,0.0
7046,4.0
6667,5.0
7500,31.0
4800,3.0
744,274.0
3091,14.0
3205,36.0
7632,2259.0
1929,267.0
7101,768.0
5038,0.0
8664,34.0
7112,3343.0
5880,2407.0
8450,0.0
5605,15.0
1079,2.0
1980,1206.0
5489,1.0
915,4717.0
4069,17.0
188,0.0
1777,1818.0
125,89.0
2996,2421.0
1776,497.0
1468,2.0
8058,28.0
8745,315.0
3834,490.0
487,321.0
5784,413.0
7795,4292.0
8397,193.0
1457,1.0
1317,709.0
7975,3121.0
1356,18.0
6199,0.0
1352,68.0
4168,48.0
799,123.0
3406,0.0
5053,575.0
8206,0.0
2362,12.0
4840,74.0
2290,2651.0
7034,16.0
3239,1104.0
7182,2041.0
3881,17.0
590,78.0
4965,0.0
4271,57.0
8631,2400.0
4946,287.0
1452,0.0
6959,292.0
1543,5.0
4931,4443.0
4170,7.0
6303,1.0
7045,128.0
6769,3.0
5021,0.0
7511,21.0
1065,0.0
5145,1.0
3636,347.0
8753,6.0
2387,71.0
602,0.0
2583,5854.0
8324,0.0
7849,163.0
2948,67.0
4332,802.0
1078,0.0
3664,399.0
484,2.0
3371,38.0
5776,404.0
6483,3957.0
1494,0.0
2194,2948.0
4889,10.0
380,7.0
3919,3060.0
8386,95.0
3150,25.0
7967,46.0
6122,0.0
5219,447.0
2724,122.0
874,453.0
457,2439.0
1320,43.0
2326,23.0
2088,4737.0
3295,2.0
3827,335.0
637,5433.0
8717,78.0
2093,17.0
6312,0.0
8624,2469.0
1736,988.0
5707,4.0
8446,0.0
4887,136.0
1313,2102.0
2030,156.0
5044,0.0
1824,25.0
7840,0.0
7352,99.0
6393,6482.0
3440,1.0
5779,0.0
4071,6.0
5859,1307.0
1527,1020.0
6430,3.0
1711,4.0
6605,121.0
570,357.0
1304,24.0
3605,0.0
7893,84.0
1140,0.0
3648,3.0
2810,14.0
8572,203.0
4525,1682.0
7582,40.0
5189,0.0
3631,4854.0
1435,0.0
6786,1927.0
3824,107.0
6273,0.0
1521,0.0
8422,21.0
8558,0.0
3722,267.0
1728,9643.0
4858,403.0
3212,0.0
4461,2427.0
4671,0.0
214,2363.0
5524,1171.0
8040,1362.0
7012,1.0
1414,460.0
983,0.0
1541,0.0
8292,33.0
7769,124.0
3269,0.0
1026,206.0
381,91.0
6951,1564.0
3047,2849.0
1481,69.0
2816,37.0
7415,0.0
5571,10.0
424,665.0
6814,297.0
5009,0.0
1877,18.0
8499,15.0
2932,76.0
6668,1.0
5259,3524.0
3111,556.0
8156,0.0
6099,0.0
2958,1012.0
2576,0.0
1615,0.0
7804,2271.0
6865,5.0
5791,192.0
5063,1195.0
4047,27.0
4187,0.0
7909,5227.0
5321,0.0
368,0.0
5239,16.0
6908,0.0
3430,0.0
6699,3727.0
4272,1042.0
6296,169.0
7741,3244.0
731,2.0
3703,7.0
6661,1288.0
1549,677.0
4540,3810.0
5943,0.0
7285,272.0
8609,56.0
1451,0.0
4150,0.0
5281,3036.0
7634,270.0
6957,1291.0
5866,31.0
6144,1.0
3317,0.0
7819,0.0
219,0.0
1091,1.0
6891,431.0
8714,27.0
1795,272.0
8196,840.0
8363,844.0
3260,1.0
7641,4129.0
6947,4770.0
4400,4.0
892,1189.0
3873,2.0
6778,308.0
8626,6833.0
3575,0.0
1278,11.0
2940,633.0
4200,0.0
2629,217.0
7486,29.0
1525,3072.0
7730,213.0
5434,403.0
4113,112.0
4479,717.0
2435,6.0
659,0.0
5392,0.0
4438,5.0
2049,1.0
5903,2.0
7962,22.0
2006,4859.0
702,52.0
4761,856.0
7230,187.0
8277,5485.0
3058,4.0
2317,730.0
501,10.0
6755,87.0
6706,837.0
8126,250.0
2176,62.0
931,16.0
2513,3.0
2603,27.0
7832,492.0
1136,0.0
55,9039.0
1305,55.0
2342,248.0
6733,171.0
2957,0.0
1997,4750.0
6888,1.0
7895,486.0
6704,0.0
574,0.0
3265,52.0
369,0.0
6306,4330.0
3540,1092.0
2305,8.0
2167,0.0
1141,434.0
7767,1152.0
1976,0.0
7306,2869.0
8189,52.0
643,0.0
7801,60.0
5177,1180.0
1830,0.0
1018,0.0
2850,1.0
5611,6012.0
7720,8.0
4973,980.0
7423,6135.0
5363,1036.0
7190,4415.0
3539,8.0
3548,0.0
6677,0.0
773,2821.0
980,8.0
4229,21.0
728,933.0
6380,0.0
1111,0.0
5118,0.0
6810,4753.0
5265,2161.0
5276,1020.0
5767,521.0
1295,239.0
2570,1.0
8602,0.0
4704,131.0
2079,110.0
5786,1948.0
7947,221.0
5088,0.0
7023,2.0
8358,649.0
2908,0.0
4778,2385.0
8634,64.0
2616,576.0
3967,16.0
7833,1.0
7973,0.0
6377,609.0
7870,466.0
2500,41.0
1412,0.0
5851,1624.0
3712,0.0
3897,2197.0
8403,6.0
5744,0.0
4334,51.0
4566,362.0
258,2.0
5334,271.0
6095,101.0
1853,7.0
6843,1.0
735,64.0
3443,0.0
2862,383.0
6999,2.0
833,0.0
3727,0.0
748,39.0
5377,21.0
517,2353.0
4563,151.0
3400,2902.0
5000,891.0
5660,1332.0
1101,0.0
5925,0.0
8225,427.0
8688,1.0
6454,0.0
7963,0.0
7588,3109.0
7709,284.0
5592,24.0
8451,734.0
3980,331.0
442,105.0
7076,2784.0
3491,6.0
3888,25.0
1237,0.0
923,67.0
7085,1829.0
1910,125.0
2600,2.0
4444,5.0
8564,17.0
1040,0.0
1860,1.0
1459,348.0
2166,174.0
7704,10948.0
5102,3189.0
1431,7429.0
6407,63.0
4378,0.0
1310,32.0
6337,5.0
7545,1189.0
3623,0.0
3711,0.0
4118,1.0
6205,326.0
7229,736.0
4133,11.0
2719,2477.0
7498,28.0
8670,365.0
1489,256.0
1920,1867.0
190,129.0
7823,1389.0
2944,0.0
4290,0.0
8519,16.0
6637,138.0
1472,3305.0
8082,171.0
3699,132.0
3254,0.0
5838,23.0
3074,0.0
3097,98.0
6460,80.0
1828,0.0
6726,11.0
4715,0.0
373,62.0
6534,157.0
2153,748.0
5616,2.0
957,579.0
3084,1600.0
685,2.0
8616,832.0
498,168.0
8088,5.0
1791,119.0
8188,5.0
1957,0.0
2915,8788.0
6382,1443.0
3717,11297.0
7797,0.0
3687,9.0
3624,1718.0
437,64.0
8069,970.0
3618,6383.0
7898,1233.0
791,0.0
8740,1.0
4823,1358.0
5047,7.0
5756,33.0
4208,113.0
4812,61.0
4060,4.0
2979,229.0
1450,43.0
2997,691.0
5365,1476.0
7879,175.0
881,0.0
5395,1.0
8359,8543.0
4062,257.0
3219,8149.0
6071,0.0
5797,331.0
1556,81.0
8303,408.0
8464,0.0
2746,15.0
6717,6.0
3439,1018.0
7774,196.0
8243,98.0
3833,0.0
8550,0.0
3079,1.0
6547,0.0
1576,4.0
3289,69.0
5997,0.0
8390,28.0
6028,1.0
694,0.0
6052,733.0
2668,7581.0
8370,0.0
1269,6.0
6672,1.0
3344,0.0
5800,5.0
7876,1262.0
3291,0.0
4037,0.0
2942,1863.0
5130,3.0
6202,1088.0
6258,14.0
3679,566.0
7307,180.0
7597,3.0
1584,1516.0
1867,4.0
877,5766.0
4158,238.0
5938,833.0
6468,0.0
2273,3.0
2072,728.0
639,426.0
1368,10777.0
2688,1586.0
636,28.0
4625,0.0
3324,0.0
2893,0.0
932,1194.0
3528,220.0
903,1.0
3113,957.0
3563,0.0
8064,1.0
2412,3.0
5540,2978.0
4219,1.0
345,1.0
3170,0.0
3694,2129.0
6822,0.0
5992,14.0
8648,0.0
8364,0.0
611,13339.0
1540,991.0
156,1.0
6853,2.0
8516,0.0
5444,240.0
7201,116.0
3203,9013.0
4341,15.0
6037,0.0
3146,270.0
3928,0.0
6818,1007.0
7835,31.0
533,0.0
4647,36.0
3139,0.0
8107,269.0
8308,0.0
7348,3403.0
5873,0.0
8317,7.0
974,19.0
2559,2.0
7624,13.0
4543,1.0
5402,688.0
4214,1369.0
8553,85.0
489,2026.0
6900,0.0
63,0.0
7309,29.0
3250,594.0
6169,1364.0
337,2351.0
1985,0.0
6049,136.0
962,733.0
7547,2100.0
3183,0.0
2506,0.0
8214,9.0
6694,1.0
5433,858.0
4833,426.0
610,321.0
3640,0.0
4856,6.0
7970,10643.0
3567,24.0
1182,109.0
6653,1.0
4386,415.0
7561,36.0
6614,145.0
5248,936.0
8706,154.0
2071,315.0
8608,1144.0
519,15.0
5845,1274.0
4873,0.0
8658,47.0
4853,0.0
587,0.0
5834,23.0
13,25.0
5985,1313.0
2906,2.0
6993,1905.0
7593,0.0
2115,23.0
6906,251.0
5094,0.0
4450,15.0
8615,1294.0
4383,77.0
6487,6.0
8235,7513.0
7144,885.0
8710,1.0
1701,2793.0
1290,23.0
1763,753.0
4483,265.0
1089,4816.0
6848,0.0
3948,138.0
2458,35.0
3506,2443.0
7997,2888.0
2150,0.0
4844,0.0
7477,283.0
1936,20.0
6109,3.0
7361,3017.0
2909,674.0
5260,1.0
4048,0.0
1228,438.0
971,552.0
7681,18.0
4480,1.0
1611,417.0
4016,8.0
4266,0.0
5835,7.0
4159,1.0
2426,2260.0
152,2.0
3028,0.0
3370,12217.0
1798,0.0
6471,4.0
4675,376.0
710,55.0
6590,165.0
1095,583.0
978,187.0
8518,1308.0
5613,153.0
91,114.0
3741,3052.0
3158,0.0
3600,274.0
2580,0.0
300,3388.0
493,1091.0
7062,0.0
1341,4451.0
6497,0.0
5828,5718.0
4679,712.0
2368,0.0
1029,50.0
7232,2346.0
7124,1999.0
963,0.0
1442,590.0
7811,2.0
7610,0.0
7865,216.0
862,62.0
2842,76.0
7713,0.0
3309,0.0
2423,419.0
3008,19.0
5471,3991.0
8726,196.0
4503,1.0
3154,1.0
3106,29.0
1149,2.0
318,0.0
7137,56.0
6262,0.0
6878,2.0
7387,25.0
4307,43.0
6181,3466.0
3693,0.0
1771,2507.0
4358,2.0
6437,458.0
7194,5550.0
1495,212.0
97,24.0
6603,2516.0
7765,68.0
6559,883.0
7289,239.0
2579,81.0
5967,0.0
1621,2841.0
4488,5924.0
7458,0.0
8252,0.0
3482,4160.0
989,11939.0
482,260.0
3137,7355.0
8219,2596.0
5544,0.0
6333,0.0
1308,8.0
8732,0.0
4801,0.0
7248,6259.0
3769,0.0
5646,4.0
8662,774.0
6414,0.0
352,0.0
7378,1355.0
4915,1963.0
8681,5.0
5863,0.0
405,2.0
3649,196.0
452,1.0
6,12.0
2245,1.0
2242,69.0
3190,0.0
604,1263.0
2983,4987.0
3164,105.0
5354,360.0
4932,395.0
3151,93.0
7129,4.0
4911,1.0
4835,1223.0
8200,0.0
7493,814.0
1679,0.0
4,319.0
2950,609.0
2870,1569.0
319,20.0
12,241.0
2143,510.0
8233,0.0
1475,13833.0
2133,169.0
4951,209.0
5172,0.0
2566,16.0
1123,0.0
8404,0.0
346,0.0
4814,0.0
4733,8.0
1972,681.0
168,7871.0
475,188.0
5154,3559.0
6156,678.0
8018,2253.0
7488,0.0
522,0.0
3066,0.0
4516,76.0
6909,0.0
2073,637.0
4544,0.0
8113,33.0
4095,3.0
1080,5.0
8065,1992.0
3785,439.0
4178,3.0
7620,76.0
2650,1.0
2196,0.0
7834,0.0
1868,1702.0
4473,2290.0
3577,17.0
1281,1459.0
1912,0.0
6067,626.0
859,0.0
1554,3445.0
8470,0.0
3442,622.0
3929,0.0
5937,54.0
4862,80.0
5027,174.0
676,3737.0
8630,1483.0
5012,51.0
5170,281.0
5152,5609.0
8571,3173.0
3373,20.0
5558,583.0
8730,3071.0
2545,0.0
7200,69.0
3667,346.0
3216,8.0
6246,42.0
4829,0.0
1955,22.0
7157,0.0
806,660.0
1212,0.0
4755,11.0
2834,4.0
2453,540.0
6618,0.0
2104,0.0
2531,1.0
5729,56.0
3968,1.0
5892,169.0
8311,3.0
1050,3896.0
1486,1025.0
185,14.0
4299,0.0
7362,7298.0
5773,5.0
7563,10.0
4871,0.0
7552,5309.0
5827,0.0
2060,0.0
415,248.0
3961,372.0
2787,963.0
7311,0.0
3974,64.0
8217,91.0
5933,10.0
1253,50.0
7616,3655.0
6501,0.0
6143,54.0
4015,0.0
3052,1166.0
6346,528.0
402,3351.0
5542,227.0
6450,360.0
8119,14.0
1501,22.0
4445,12.0
6002,68.0
4617,587.0
4454,64.0
350,222.0
7109,10.0
7028,108.0
5466,12.0
3315,2.0
5351,0.0
4683,12.0
3025,0.0
8159,161.0
5807,320.0
8627,107.0
6111,2.0
8391,1686.0
3405,0.0
7601,484.0
7225,91.0
1328,0.0
6158,70.0
1629,3852.0
4188,2.0
790,2876.0
987,161.0
3960,0.0
74,8.0
2530,0.0
4097,40.0
6045,1579.0
177,10.0
7278,213.0
5229,429.0
6972,3232.0
1387,2630.0
1973,5.0
5970,0.0
5651,1503.0
102,2044.0
2128,1.0
5717,0.0
1221,0.0
6745,0.0
7403,53.0
8342,32.0
5195,0.0
5548,37.0
6372,0.0
6204,984.0
7003,25.0
1640,597.0
1128,1.0
3144,0.0
5458,2116.0
330,29.0
1759,26.0
139,1670.0
1842,0.0
2761,0.0
1546,0.0
4127,0.0
4356,0.0
1730,2322.0
312,2236.0
2271,1413.0
3815,1.0
3343,4591.0
4884,0.0
5150,0.0
1092,3.0
2134,56.0
3672,722.0
8213,535.0
3514,6.0
2318,80.0
725,3834.0
1165,86.0
6636,2559.0
4148,1.0
8417,18.0
7290,7758.0
3413,596.0
4670,4.0
6881,17.0
4465,14.0
8057,4.0
8125,13378.0
5731,0.0
6320,0.0
4941,890.0
2820,0.0
3900,58.0
1708,1030.0
968,6.0
3627,176.0
4088,0.0
7214,939.0
2543,5.0
4982,0.0
1112,5888.0
1173,1982.0
48,153.0
6081,0.0
8092,2.0
5048,0.0
3002,3532.0
820,13.0
8044,196.0
8153,167.0
3096,6.0
5627,3367.0
2660,4.0
6235,0.0
964,0.0
366,715.0
982,4.0
8395,1134.0
5511,207.0
7287,50.0
4974,607.0
1047,5070.0
3244,12.0
7911,361.0
5787,0.0
768,2382.0
708,192.0
5242,0.0
699,0.0
7783,3.0
6894,115.0
5676,1564.0
1787,3.0
8236,8.0
355,0.0
6811,0.0
6278,0.0
8388,5105.0
5678,754.0
3516,496.0
3905,130.0
5320,3315.0
1499,2212.0
7520,558.0
7856,615.0
5958,187.0
6781,114.0
8009,0.0
474,14.0
5234,17.0
952,93.0
7189,0.0
8327,0.0
8401,439.0
3512,1.0
3981,0.0
4839,1057.0
3286,38.0
6838,0.0
4988,159.0
1233,0.0
1108,6130.0
2205,0.0
4554,347.0
7134,0.0
5507,0.0
49,0.0
6907,10.0
3988,13.0
1607,0.0
8181,0.0
8203,454.0
7000,7.0
8270,74.0
3175,0.0
3285,1.0
7716,0.0
3116,3146.0
1064,5.0
7336,747.0
7185,0.0
567,3333.0
5062,2.0
1627,257.0
894,45.0
6820,0.0
344,9.0
7489,0.0
5564,0.0
6248,24.0
7177,910.0
2537,210.0
3955,1.0
1781,59.0
8341,2944.0
5204,0.0
6384,0.0
8097,2.0
5785,2790.0
4979,0.0
5572,825.0
5385,161.0
5655,1.0
914,256.0
2847,99.0
7780,70.0
3167,2079.0
509,429.0
6375,0.0
7429,0.0
4318,1.0
2449,797.0
7508,0.0
7543,0.0
6513,468.0
3906,30.0
1589,7.0
183,0.0
1011,95.0
5512,301.0
5096,0.0
3859,0.0
8436,0.0
1293,72.0
4381,0.0
2090,2108.0
7908,2078.0
8559,0.0
3253,1.0
788,501.0
5167,1865.0
1660,1.0
3460,246.0
2,13.0
5069,1056.0
810,0.0
696,2564.0
5955,12806.0
5769,2408.0
6209,0.0
5854,2.0
2902,3193.0
3863,55.0
4492,3.0
7651,66.0
443,1117.0
5715,18.0
4458,6.0
5199,4773.0
4494,2.0
674,231.0
6856,11375.0
692,20.0
3228,109.0
5461,2916.0
6656,355.0
8455,378.0
5010,955.0
716,496.0
3266,0.0
1055,0.0
6370,3139.0
5327,1359.0
4622,2643.0
172,0.0
5426,12.0
1424,24.0
269,217.0
2394,342.0
6449,90.0
3854,145.0
6345,0.0
3101,7.0
171,236.0
8133,64.0
3009,8.0
275,47.0
4074,1876.0
3484,1.0
401,0.0
3915,225.0
241,37.0
2424,1251.0
6642,3163.0
723,658.0
7057,22.0
4526,0.0
1162,418.0
4109,1.0
8757,309.0
5437,0.0
2472,149.0
7697,65.0
1964,303.0
8036,3606.0
1496,8080.0
8060,2960.0
5723,5.0
3432,0.0
4770,51.0
8665,0.0
2228,101.0
2907,88.0
1129,0.0
5921,0.0
6062,1.0
8528,0.0
994,2.0
7513,244.0
187,80.0
6419,1.0
6267,24.0
7453,7.0
4633,32.0
111,3562.0
2564,95.0
1030,8672.0
5956,5187.0
4749,4.0
7108,11.0
2158,0.0
2843,1760.0
7211,0.0
738,1204.0
1662,0.0
1195,64.0
5706,6.0
2768,119.0
4538,340.0
1085,18.0
8160,24.0
1834,0.0
1337,1115.0
6556,467.0
2877,3757.0
7036,2.0
5513,6753.0
71,0.0
7273,3.0
2123,0.0
2963,0.0
2415,0.0
1723,324.0
5770,1.0
3031,203.0
1602,0.0
3469,936.0
8337,14.0
1005,1.0
7118,0.0
3376,2719.0
80,42.0
5841,30.0
3990,2.0
1614,0.0
4404,0.0
1977,65.0
7245,8.0
2776,134.0
3107,596.0
5127,768.0
7275,0.0
7154,0.0
2027,2866.0
5543,0.0
1796,1641.0
1135,1313.0
7830,0.0
2138,34.0
8712,1.0
7172,3.0
1989,202.0
18,275.0
4886,230.0
2934,353.0
1353,1547.0
4966,5358.0
2199,0.0
1986,15866.0
3447,4.0
8666,3.0
870,0.0
2880,0.0
6890,292.0
313,60.0
2633,1.0
2825,2162.0
8220,6124.0
7711,1366.0
5147,0.0
7646,1560.0
2386,646.0
8315,39.0
2192,3.0
6884,697.0
5083,0.0
6593,0.0
5904,272.0
370,2.0
2689,15383.0
1113,167.0
5121,269.0
238,0.0
884,3.0
5071,36.0
4808,863.0
3630,2793.0
3807,1014.0
8412,4127.0
4489,3251.0
8100,0.0
3313,1.0
1392,5229.0
310,155.0
8355,506.0
6392,0.0
2869,156.0
7753,4.0
4608,0.0
2587,0.0
6421,2.0
7677,1698.0
3069,3.0
4210,1663.0
2981,18.0
5128,2098.0
8720,15.0
2014,0.0
5249,226.0
6851,30.0
3435,958.0
8687,1276.0
7098,0.0
5777,593.0
2913,1834.0
6220,2367.0
4065,217.0
6568,2173.0
1002,0.0
6003,0.0
435,0.0
3353,2.0
427,991.0
3587,140.0
3998,117.0
2345,659.0
8580,0.0
5184,14.0
815,0.0
1360,1668.0
2590,9.0
1709,0.0
679,0.0
542,0.0
4096,0.0
2283,254.0
7564,8.0
5220,0.0
4626,0.0
3661,0.0
3001,1.0
5319,0.0
1769,11.0
4765,391.0
4575,635.0
4643,0.0
2259,1364.0
2964,943.0
1354,7762.0
5232,1.0
8237,7.0
5790,0.0
2744,120.0
4836,1.0
2231,1585.0
4243,0.0
4343,1174.0
42,65.0
1908,0.0
4615,5.0
3983,822.0
7089,9.0
3087,0.0
4712,98.0
8218,5067.0
4991,0.0
2240,0.0
4452,229.0
7277,2.0
4050,24.0
6943,81.0
8247,557.0
6904,2088.0
7948,2.0
703,0.0
5384,0.0
4905,0.0
2986,2.0
724,73.0
1901,1.0
2699,2448.0
7286,2236.0
1443,0.0
7110,0.0
8588,9795.0
4920,5.0
7555,15.0
7757,0.0
5842,448.0
1146,0.0
6101,0.0
7825,40.0
7980,0.0
3735,29.0
6242,65.0
6816,106.0
547,1134.0
2295,9.0
3057,6.0
4303,545.0
2793,12.0
5682,4.0
4234,0.0
4669,0.0
3399,2.0
965,2255.0
5470,0.0
6923,16.0
778,834.0
7161,67.0
8620,66.0
4509,427.0
734,820.0
7703,4161.0
7296,172.0
8703,1857.0
2024,702.0
585,5.0
354,2.0
8692,72.0
770,3.0
4923,0.0
4179,2.0
6271,0.0
8574,29.0
6638,0.0
6398,159.0
2541,42.0
1175,7.0
5050,131.0
441,0.0
5901,4.0
4894,22.0
2026,0.0
7802,12.0
1393,5.0
5972,2910.0
6681,0.0
621,0.0
1872,35.0
7175,333.0
6342,2.0
8033,0.0
2610,20.0
1070,223.0
5052,1382.0
1307,856.0
4421,615.0
7237,491.0
3825,0.0
7518,1007.0
4370,0.0
802,2436.0
5263,1570.0
4694,4852.0
6190,3579.0
5014,5.0
6919,36.0
959,2342.0
1836,299.0
7113,2.0
6254,4.0
6538,4.0
5457,74.0
264,0.0
8328,40.0
4429,737.0
3659,105.0
7379,97.0
8339,201.0
4780,2602.0
4206,0.0
87,1742.0
8180,0.0
8481,483.0
4079,1014.0
829,1650.0
6281,0.0
148,9022.0
8721,0.0
7238,107.0
2341,0.0
5607,1404.0
3682,310.0
5341,269.0
8074,3.0
4372,48.0
1465,58.0
532,32.0
2925,0.0
3360,0.0
5486,2.0
2254,37.0
6128,0.0
3128,0.0
8452,295.0
6545,10.0
3766,936.0
5108,85.0
8080,40.0
1810,153.0
3416,465.0
7553,0.0
8168,42.0
3331,125.0
242,0.0
8171,0.0
7559,17.0
3126,0.0
1400,1389.0
1513,516.0
1893,10.0
5719,14.0
7640,14.0
3492,25.0
844,490.0
911,1700.0
4649,106.0
8053,0.0
6813,0.0
2890,0.0
4736,931.0
6287,5039.0
4714,212.0
4357,864.0
1961,0.0
786,260.0
2284,2308.0
5058,1293.0
5594,4555.0
2406,50.0
4259,0.0
1176,19.0
3832,70.0
5292,3.0
7014,4294.0
8581,45.0
6406,0.0
4940,379.0
6873,0.0
2023,1.0
1983,222.0
2105,0.0
8154,227.0
3883,0.0
5541,1385.0
609,3071.0
4969,4060.0
4162,0.0
81,175.0
2733,0.0
7990,219.0
3594,4.0
3927,1367.0
2450,4931.0
4368,9769.0
2335,243.0
3688,5.0
8554,2955.0
8439,237.0
5690,1344.0
4918,3.0
6336,38.0
6731,0.0
3361,0.0
6998,0.0
8264,6707.0
3345,16373.0
2980,0.0
225,0.0
5887,3716.0
5519,61.0
3963,1473.0
408,0.0
29,707.0
6047,0.0
776,1035.0
1884,2517.0
8750,344.0
494,8516.0
6175,2549.0
7325,33.0
936,0.0
5312,0.0
8094,5.0
6240,1.0
1612,2247.0
5285,2515.0
6700,1441.0
2578,0.0
7366,4.0
2236,147.0
7693,1531.0
2265,10589.0
2419,0.0
6861,1247.0
584,1.0
7759,20.0
6112,13.0
5196,0.0
4348,1084.0
999,0.0
5500,227.0
5188,0.0
6716,385.0
6599,9.0
4329,110.0
5595,5.0
4992,85.0
6439,52.0
6350,198.0
7368,874.0
5309,4.0
4863,289.0
3507,17934.0
4254,2483.0
5344,5.0
5745,1.0
8697,0.0
1028,240.0
3342,92.0
8075,11.0
1049,10.0
8482,3699.0
6035,0.0
675,0.0
6558,281.0
5763,309.0
8316,0.0
4297,66.0
4573,0.0
947,1404.0
5888,2.0
3523,53.0
1669,8.0
2887,1840.0
2812,12.0
2029,0.0
3242,134.0
3029,0.0
6749,0.0
4595,90.0
8701,0.0
3880,7.0
3352,2.0
3942,1647.0
8584,0.0
7255,2.0
6470,1.0
6980,4562.0
3382,194.0
1254,6.0
6682,4.0
7105,42.0
5245,124.0
3162,80.0
536,60.0
1792,40.0
7396,0.0
2430,0.0
3419,1877.0
5035,90.0
1421,0.0
5454,178.0
4734,208.0
3059,539.0
8228,159.0
7857,0.0
2987,2.0
280,3298.0
5332,149.0
6883,67.0
6913,1169.0
5107,99.0
520,73.0
113,120.0
3603,398.0
8323,0.0
8190,0.0
3238,189.0
6518,549.0
2878,0.0
2666,0.0
4535,306.0
3341,5.0
7170,58.0
653,39.0
3320,1543.0
5721,632.0
623,12.0
3616,910.0
7788,809.0
6187,1979.0
7851,3226.0
1760,485.0
5082,151.0
5774,12.0
1196,9156.0
2651,7058.0
6178,0.0
5187,173.0
6587,116.0
8283,0.0
454,0.0
3964,16.0
8724,847.0
4160,461.0
630,0.0
2955,5141.0
2935,208.0
3346,0.0
6797,2.0
7605,93.0
1088,0.0
6887,0.0
1399,339.0
3236,101.0
5273,17.0
8623,10.0
1663,13.0
3724,2296.0
7119,4.0
5585,58.0
1882,1174.0
7417,2426.0
7274,0.0
7220,13.0
4717,3.0
4508,4138.0
3086,0.0
4034,0.0
1998,35.0
316,0.0
7412,0.0
698,2507.0
1604,105.0
4153,13.0
2901,196.0
4246,24.0
3709,41.0
2278,162.0
8367,8269.0
5516,595.0
43,13294.0
4529,4418.0
1603,956.0
1303,15.0
5138,25.0
6479,1371.0
1726,0.0
8637,23.0
3027,0.0
6349,0.0
6364,438.0
7222,0.0
8414,2413.0
5324,205.0
1672,2084.0
358,44.0
3214,18.0
4440,2059.0
960,3.0
7877,0.0
261,10941.0
6541,0.0
4613,224.0
290,10.0
1785,1218.0
1514,0.0
3760,1591.0
7763,0.0
2367,8.0
2002,21.0
631,7645.0
7910,0.0
1420,0.0
342,6719.0
3090,0.0
805,17.0
8711,2.0
3147,23.0
2041,1487.0
3354,141.0
7815,216.0
6348,1.0
8377,3.0
4773,663.0
3976,0.0
1927,79.0
3991,448.0
8120,124.0
808,75.0
6624,0.0
6711,1214.0
4786,61.0
7567,8.0
8660,826.0
3466,3752.0
1249,397.0
5367,998.0
5299,20.0
1449,0.0
8683,125.0
6768,0.0
3308,662.0
3545,77.0
1755,228.0
1283,4481.0
7528,0.0
6080,0.0
4395,108.0
4256,241.0
558,8478.0
85,0.0
7694,44.0
7183,55.0
5390,3.0
5740,1.0
6152,172.0
8145,0.0
374,0.0
6852,11.0
1993,2.0
502,0.0
1225,0.0
15,1106.0
3396,4593.0
4377,1841.0
4815,78.0
2519,1308.0
1670,290.0
2312,13.0
781,106.0
5346,4080.0
8066,12.0
4333,5777.0
4939,23.0
3211,0.0
7475,3103.0
3392,7.0
996,27.0
6127,99.0
4703,416.0
5796,15.0
4308,5.0
4913,320.0
4225,0.0
1996,4.0
3757,0.0
3613,75.0
7226,12.0
3230,126.0
7942,1574.0
2783,201.0
5974,692.0
8728,3856.0
158,0.0
5001,4.0
7639,178.0
3039,325.0
4737,7071.0
4690,71.0
1153,4119.0
4984,194.0
6317,421.0
2155,1776.0
8307,2176.0
4107,911.0
2840,378.0
8489,0.0
2135,0.0
3912,112.0
6912,0.0
1418,0.0
7584,88.0
2572,881.0
8440,92.0
2418,115.0
407,2315.0
5526,194.0
3197,12.0
60,5.0
589,107.0
6649,189.0
4789,2.0
6426,85.0
8674,8.0
28,224.0
1975,588.0
6572,311.0
5280,2.0
5581,0.0
7537,0.0
5459,117.0
5422,0.0
1687,379.0
740,17.0
6051,0.0
1057,1614.0
2524,0.0
3737,515.0
4854,18.0
458,0.0
6160,18.0
1528,0.0
7950,2269.0
5208,5.0
5183,2.0
6580,2819.0
3914,1.0
6417,436.0
6036,3993.0
2649,0.0
879,159.0
1134,1272.0
7326,17.0
2253,2306.0
6039,197.0
5043,3062.0
883,4.0
6089,2.0
6833,3912.0
843,2315.0
3129,12.0
6924,834.0
1712,391.0
3462,0.0
2004,8940.0
471,4064.0
54,728.0
6691,706.0
6110,8554.0
7212,721.0
4269,1438.0
8285,145.0
4448,48.0
5501,48.0
2145,70.0
5370,269.0
5637,151.0
1256,1.0
2399,179.0
7022,1668.0
7294,1.0
5750,1021.0
57,7.0
3184,4898.0
2429,20.0
2454,1710.0
3848,17.0
2722,1.0
3120,0.0
7315,1021.0
2178,0.0
4032,0.0
1827,0.0
210,4.0
1805,2263.0
1883,14748.0
4081,19.0
2358,23.0
7419,0.0
606,29.0
3745,177.0
375,26.0
624,21.0
7656,0.0
7314,6.0
5157,1115.0
4958,0.0
5041,66.0
1659,10.0
3117,6355.0
4728,2328.0
5604,699.0
3797,0.0
1185,9.0
1752,4.0
1261,6.0
1782,4563.0
7888,16.0
3660,18.0
6812,1.0
8718,1057.0
3395,31.0
2230,0.0
5383,0.0
8454,2064.0
8570,137.0
819,0.0
3959,2291.0
7762,0.0
6521,1.0
4822,0.0
658,0.0
7812,295.0
563,3501.0
329,57.0
1664,290.0
6669,205.0
954,97.0
2266,4.0
7722,8.0
7526,64.0
4868,544.0
7717,674.0
5387,27.0
1652,95.0
4316,3.0
8599,296.0
4410,0.0
2085,1611.0
6940,0.0
2038,324.0
6289,0.0
7637,0.0
4176,2.0
3634,1.0
4042,0.0
6369,2702.0
1710,1.0
7695,0.0
4599,2.0
5644,599.0
3498,0.0
7687,0.0
4700,16.0
7886,10.0
2291,2.0
7292,764.0
5936,19.0
8191,0.0
521,0.0
2332,0.0
5308,299.0
4267,89.0
3957,65.0
6509,1.0
3628,143.0
3571,22.0
4914,19.0
3701,0.0
6238,0.0
796,418.0
4296,10.0
7691,0.0
4171,21.0
2956,0.0
2008,0.0
279,8.0
7298,224.0
3363,0.0
2769,1764.0
5783,75.0
8136,1.0
6488,0.0
1845,36.0
7104,306.0
3050,1.0
1814,56.0
1699,344.0
6061,3297.0
7359,0.0
5328,0.0
1250,1.0
1291,3.0
1042,839.0
6885,1522.0
1689,3.0
2554,6648.0
4002,48.0
3179,410.0
2389,0.0
3110,0.0
2770,0.0
4115,712.0
1299,264.0
2436,2344.0
1963,2482.0
135,1.0
1869,342.0
4085,234.0
1087,3.0
6762,0.0
117,210.0
1296,2.0
5389,13.0
8719,0.0
2933,874.0
1595,1.0
7594,276.0
2795,112.0
8461,648.0
6365,3.0
6151,428.0
8691,5.0
4706,0.0
3075,862.0
3844,0.0
1343,2483.0
6443,280.0
3454,5.0
1751,5.0
7574,0.0
3584,0.0
6621,6.0
1048,0.0
1302,3.0
5066,82.0
2599,114.0
3708,784.0
6787,844.0
7205,293.0
8586,1640.0
1440,389.0
1062,21.0
7504,16.0
6446,1163.0
1933,14.0
1566,120.0
6010,878.0
4610,2657.0
7312,84.0
1597,499.0
3945,74.0
900,152.0
2691,0.0
2384,377.0
8462,0.0
4233,501.0
909,0.0
506,40.0
6742,0.0
8595,4610.0
6383,1945.0
353,0.0
5428,843.0
846,18.0
508,5751.0
687,13.0
6832,4.0
8442,1384.0
3778,674.0
341,0.0
7889,973.0
146,3.0
6819,0.0
2717,0.0
6106,3440.0
3805,533.0
260,494.0
4597,311.0
7145,944.0
2921,48.0
3861,17.0
3677,1932.0
4169,0.0
2481,0.0
5061,0.0
4155,1301.0
1031,93.0
2723,762.0
4699,97.0
2937,265.0
5591,2940.0
8268,0.0
3480,1.0
8506,406.0
2677,4.0
7575,190.0
5191,0.0
7242,0.0
45,230.0
8698,5.0
8758,0.0
2211,0.0
282,2.0
4524,535.0
7441,499.0
8469,3.0
528,26.0
4735,57.0
4796,8735.0
1367,7.0
5166,803.0
2972,4.0
6825,0.0
4521,0.0
7957,0.0
4487,9491.0
1327,1068.0
4245,0.0
2067,15.0
6374,2967.0
7308,3.0
4541,13.0
3248,5.0
5002,289.0
3055,0.0
529,69.0
834,188.0
8361,3132.0
7254,123.0
7219,2.0
7388,3.0
1743,657.0
839,64.0
5098,358.0
3427,2528.0
3761,676.0
8656,7.0
6944,10952.0
291,108.0
6150,2.0
6875,154.0
2385,206.0
2494,571.0
7191,6679.0
6859,156.0
4046,9.0
3953,939.0
6698,1698.0
8441,5.0
7995,8.0
3971,94.0
6389,65.0
8723,12.0
3015,0.0
5008,5.0
6722,419.0
3391,3024.0
4311,85.0
7931,78.0
179,2273.0
7938,1440.0
4451,5.0
8594,0.0
5878,0.0
7821,8.0
8427,0.0
4011,36.0
322,1297.0
1903,801.0
7128,184.0
6973,2193.0
7829,0.0
2061,1.0
5087,29.0
8271,12487.0
1851,269.0
7356,1321.0
118,11.0
1593,1743.0
7442,0.0
1829,0.0
7059,0.0
1592,0.0
5451,1132.0
5165,2.0
1000,0.0
7589,373.0
8039,8.0
1226,3.0
5420,0.0
7349,0.0
8629,317.0
2533,0.0
7299,6109.0
4326,1.0
5712,9612.0
3632,378.0
272,30.0
207,0.0
2375,263.0
745,0.0
2306,731.0
4068,72.0
4021,444.0
8175,72.0
7684,786.0
8523,1641.0
4027,3004.0
2098,806.0
4628,8.0
7891,0.0
447,0.0
8177,2227.0
5531,114.0
3192,0.0
3375,1801.0
1678,3.0
4510,261.0
7482,0.0
112,85.0
6949,78.0
6444,27.0
1265,19.0
1071,339.0
2615,1956.0
8222,1812.0
2504,0.0
3707,313.0
530,27.0
1793,38.0
7208,2268.0
7568,5309.0
5979,0.0
1898,0.0
7069,837.0
4901,0.0
2772,82.0
3845,2727.0
7744,0.0
2043,1038.0
1384,0.0
8394,194.0
7280,0.0
314,2307.0
6155,2704.0
6121,0.0
7252,3.0
2737,17.0
5755,0.0
8365,1111.0
324,1004.0
2882,3634.0
6551,12.0
1366,838.0
3849,23.0
3875,2.0
6103,2918.0
6567,8.0
8734,4.0
8257,0.0
3070,841.0
8050,0.0
1647,2761.0
6663,46.0
6056,7645.0
5380,111.0
5178,2424.0
4910,4859.0
8652,24.0
3780,639.0
7943,3.0
8313,2048.0
8150,6.0
2522,3529.0
7917,79.0
4859,2.0
943,995.0
4514,0.0
4023,22.0
2408,3707.0
7920,0.0
4242,4763.0
4157,2424.0
8296,37.0
2045,1424.0
79,8.0
8617,0.0
1447,59.0
8661,0.0
7732,120.0
2507,3155.0
2900,97.0
3662,499.0
4983,0.0
5869,57.0
6761,293.0
4852,0.0
6146,1.0
4193,298.0
8371,0.0
6310,0.0
8192,5.0
3365,800.0
7443,631.0
2499,309.0
3325,85.0
2763,17.0
7661,273.0
1016,37.0
2164,2.0
8746,0.0
2516,1.0
106,4.0
8679,313.0
6352,28.0
1538,0.0
615,59.0
8272,2211.0
5224,0.0
1979,37.0
1297,286.0
5984,3464.0
701,152.0
2243,1120.0
5751,9034.0
4768,143.0
5749,37.0
7395,0.0
1244,0.0
5953,555.0
2191,0.0
1213,1156.0
2344,232.0
4284,681.0
8522,0.0
8134,0.0
7227,156.0
976,166.0
6996,0.0
6033,1.0
4397,0.0
3073,0.0
7398,8.0
8747,2003.0
4195,13367.0
2154,1.0
6090,0.0
8585,0.0
7627,7.0
7405,1354.0
5431,2.0
6557,23.0
1355,620.0
6502,1.0
326,2.0
3459,0.0
7420,1.0
2501,0.0
4759,16.0
5479,822.0
7341,0.0
1620,0.0
7807,6385.0
4312,1.0
3333,387.0
6323,0.0
7740,477.0
3532,10.0
4403,856.0
7907,0.0
1671,3828.0
6994,510.0
1427,21.0
5939,1041.0
6400,0.0
423,8271.0
6362,677.0
4304,0.0
5253,6.0
1741,0.0
5266,40.0
5350,5.0
7718,3.0
5593,1.0
8063,0.0
1379,456.0
6607,0.0
5966,321.0
265,1477.0
3937,2.0
5567,0.0
3022,3467.0
6459,2248.0
3046,723.0
7644,405.0
1875,42.0
7472,17.0
5190,3232.0
8603,12543.0
6846,0.0
7598,1198.0
4026,5.0
4064,4.0
349,1.0
572,3.0
3453,274.0
7608,1.0
4056,126.0
6425,4.0
1784,465.0
6251,0.0
7002,6986.0
7316,5352.0
6338,2.0
4987,1.0
4044,7.0
1288,180.0
7168,6.0
4390,0.0
1958,10774.0
1132,0.0
5311,11483.0
3021,0.0
8590,3309.0
4849,849.0
1917,505.0
96,9.0
5207,6843.0
934,10.0
7061,0.0
1690,946.0
108,0.0
1944,3227.0
1231,55.0
1962,1.0
5100,0.0
1463,0.0
8704,0.0
2414,26.0
2229,0.0
2320,506.0
2800,13.0
218,1.0
5480,300.0
4993,33.0
8210,0.0
1038,7514.0
21,78.0
3312,941.0
6841,5762.0
1359,11.0
56,0.0
3710,61.0
6165,2886.0
2382,140.0
5372,5058.0
4651,2.0
7875,214.0
4364,209.0
2400,3.0
1591,466.0
162,0.0
3298,0.0
6438,0.0
774,1557.0
7040,0.0
5411,0.0
2213,355.0
2255,8.0
8008,5875.0
500,4078.0
2118,0.0
2757,0.0
1395,1842.0
2575,136.0
5867,0.0
6164,3702.0
7052,0.0
1390,1.0
7776,2158.0
7235,0.0
5857,12.0
2835,2.0
1184,2931.0
6579,26.0
202,12.0
7192,3.0
4287,770.0
8492,329.0
661,0.0
8566,2343.0
7432,0.0
2794,631.0
1110,1170.0
4014,4.0
4231,15.0
7702,604.0
8443,28.0
4025,12.0
4594,0.0
5826,0.0
2451,576.0
5160,2.0
6519,4530.0
8604,2177.0
306,1173.0
6687,191.0
1740,3.0
2864,6.0
8352,0.0
8759,5.0
2325,5373.0
5257,1071.0
7394,0.0
193,0.0
3546,1309.0
1727,37.0
6480,0.0
1724,33.0
1192,958.0
3909,0.0
8557,53.0
5080,5.0
2676,56.0
4739,29.0
1266,422.0
1004,3545.0
5584,240.0
4995,2019.0
3723,332.0
5716,4007.0
8020,18.0
3529,45.0
6765,182.0
7337,146.0
4130,0.0
8601,931.0
5225,1487.0
5289,1121.0
8479,14.0
1267,0.0
2047,414.0
6779,0.0
450,73.0
7407,116.0
6584,3291.0
6753,0.0
7244,31.0
6640,227.0
2221,2086.0
2195,437.0
3935,6.0
3818,7.0
3017,0.0
6597,6.0
7001,5.0
2403,2762.0
5983,33.0
6854,0.0
4826,0.0
2181,5143.0
215,31.0
1746,150.0
8161,0.0
5814,1492.0
7514,324.0
7940,0.0
2486,94.0
2751,21.0
3306,55.0
4926,4812.0
6966,151.0
5919,307.0
3835,243.0
2378,5.0
7043,1.0
94,819.0
665,272.0
5029,6150.0
5333,995.0
2311,105.0
847,1284.0
5522,1119.0
7041,0.0
6200,4781.0
3277,1736.0
7604,10.0
5818,0.0
7996,3559.0
730,14572.0
4393,0.0
809,5.0
2131,669.0
2775,6.0
8059,3937.0
6170,8.0
2241,1144.0
2962,639.0
186,8466.0
7719,79.0
4424,16.0
428,0.0
7086,4975.0
432,0.0
3538,4263.0
7502,0.0
5582,15.0
5736,191.0
8508,0.0
3364,131.0
4620,0.0
3524,0.0
2489,136.0
7599,2752.0
764,6700.0
76,258.0
5908,16.0
8129,266.0
5553,0.0
2294,131.0
2448,3.0
2068,871.0
7532,3441.0
6748,1.0
7941,2208.0
1544,864.0
2288,77.0
4111,99.0
5504,0.0
8109,0.0
7868,17.0
6410,11950.0
8598,148.0
3083,0.0
6307,70.0
3270,9.0
7332,0.0
2444,0.0
3155,17.0
652,0.0
2277,0.0
1974,1253.0
7768,38.0
1114,0.0
5699,5087.0
4900,0.0
5752,3.0
2116,1166.0
1204,686.0
6157,949.0
8312,192.0
3108,101.0
3763,0.0
1876,1.0
6543,6.0
3809,0.0
4431,0.0
4760,0.0
4173,0.0
6709,1.0
4745,52.0
6857,1.0
4277,30.0
2333,42.0
3748,2630.0
86,0.0
4434,0.0
901,3865.0
5452,105.0
5990,0.0
1385,59.0
4527,0.0
3508,0.0
4656,71.0
783,0.0
2304,235.0
5897,8.0
1401,128.0
3862,319.0
8424,584.0
3202,290.0
1658,0.0
5271,2439.0
2175,1.0
2608,3126.0
3290,2715.0
7421,0.0
7838,0.0
6149,1.0
7855,17.0
1517,0.0
333,197.0
4437,1885.0
7587,1.0
8496,15.0
8078,405.0
8456,3.0
7698,517.0
2109,142.0
5110,1.0
4131,1073.0
4631,51.0
2891,1150.0
4803,0.0
5440,13.0
825,718.0
6561,2108.0
6210,308.0
5421,0.0
3595,4.0
4464,0.0
7758,1401.0
2605,8181.0
4314,0.0
5136,39.0
389,220.0
7484,0.0
8708,5.0
5418,531.0
3657,336.0
7892,0.0
1058,0.0
6648,1099.0
4596,5.0
6760,4.0
5148,197.0
1560,0.0
3280,30.0
7739,32.0
387,75.0
6952,51.0
6576,3415.0
6893,2863.0
5162,129.0
8041,5634.0
4361,1221.0
7409,0.0
7859,0.0
1369,336.0
6723,2183.0
4004,471.0
1634,0.0
4345,486.0
7373,3547.0
3366,48.0
2732,0.0
7465,1657.0
3879,58.0
4453,73.0
136,2.0
2654,4.0
2201,1510.0
1697,0.0
6294,304.0
5905,4416.0
7391,526.0
8101,4733.0
8302,2.0
385,0.0
6092,10.0
2597,47.0
7106,56.0
2198,0.0
7733,195.0
1896,119.0
5274,82.0
905,0.0
5006,0.0
4485,486.0
392,2866.0
8183,90.0
3013,5544.0
2087,0.0
448,5.0
7749,2048.0
7922,2673.0
5653,90.0
6670,69.0
3609,23.0
5671,3806.0
1651,196.0
5429,2657.0
6971,2609.0
4425,288.0
3868,1.0
4008,7.0
1954,1.0
2749,1.0
838,2035.0
2343,684.0
4224,0.0
6583,0.0
5226,28.0
4265,0.0
6335,9.0
2100,1891.0
8103,229.0
382,827.0
5700,13.0
7266,650.0
3561,37.0
4413,5293.0
26,0.0
7721,125.0
8140,0.0
6330,5370.0
6154,27.0
6332,98.0
2994,1053.0
7949,0.0
6244,36.0
249,637.0
5924,3101.0
8108,0.0
560,46.0
7184,2.0
2823,10.0
2547,140.0
1510,2109.0
5969,118.0
4012,0.0
1981,10.0
4816,156.0
377,0.0
4813,421.0
2168,3172.0
3093,1079.0
4330,0.0
7169,0.0
1799,106.0
6022,1771.0
7872,126.0
4611,0.0
3742,25.0
4132,88.0
3467,357.0
7270,205.0
2165,0.0
6772,32.0
2945,10932.0
7020,0.0
8178,26.0
4818,2968.0
3109,0.0
4962,1529.0
1219,23.0
8501,0.0
3734,248.0
4917,0.0
8182,1171.0
1377,588.0
4677,3.0
6969,48.0
7978,1.0
6708,49.0
1268,8774.0
5373,79.0
2879,51.0
7087,1411.0
2845,0.0
1588,0.0
7951,122.0
4094,0.0
3619,195.0
2392,11.0
988,42.0
3431,2.0
1202,0.0
4627,524.0
1349,0.0
3098,245.0
5913,382.0
1630,0.0
3884,0.0
5782,0.0
3978,0.0
2641,2995.0
8534,138.0
1934,0.0
4512,934.0
3979,1015.0
793,5290.0
2142,7.0
7013,398.0
6327,1205.0
4087,73.0
6821,1123.0
3464,1.0
4363,2479.0
6120,407.0
1654,24.0
985,0.0
3078,0.0
2376,425.0
7827,10862.0
3962,74.0
4948,0.0
6645,0.0
58,42.0
3418,4.0
1485,1622.0
8112,507.0
4692,13.0
1090,31.0
4407,15.0
8198,0.0
7216,141.0
5298,84.0
62,0.0
6387,5190.0
5051,1485.0
37,25.0
8338,261.0
3622,8.0
5950,0.0
5343,415.0
4614,2.0
5408,2343.0
6265,0.0
8350,795.0
3924,5.0
4788,25.0
1238,75.0
2884,17.0
6409,38.0
4519,1098.0
3374,0.0
5885,37.0
5965,0.0
6277,0.0
1572,0.0
7517,405.0
758,1028.0
8278,9.0
2607,1.0
4591,0.0
2690,0.0
8544,328.0
5442,1639.0
4232,1445.0
4221,6.0
912,1596.0
7360,20.0
510,0.0
601,9.0
8593,1.0
4352,1806.0
7919,0.0
6803,58.0
5476,6.0
6981,397.0
1171,0.0
222,3970.0
5306,29.0
1097,1717.0
3411,28.0
4324,666.0
8135,770.0
3940,785.0
5601,3.0
8542,0.0
5313,1.0
1035,0.0
4501,104.0
5895,135.0
4191,0.0
2244,11980.0
5798,0.0
4201,0.0
4114,37.0
6226,1126.0
195,4.0
7619,0.0
2095,11.0
7047,0.0
7178,2.0
3505,310.0
2137,4.0
1693,0.0
5922,1965.0
5914,0.0
5358,0.0
1350,93.0
7009,0.0
8104,97.0
1854,1363.0
2514,0.0
1717,1.0
3264,234.0
4281,3.0
8407,709.0
1160,0.0
6188,497.0
461,28.0
3857,0.0
8425,18.0
4723,1190.0
2596,173.0
8733,0.0
3153,9574.0
6491,31.0
1745,0.0
6634,0.0
6113,872.0
2899,1.0
3329,3.0
6255,0.0
7501,1229.0
2674,90.0
253,231.0
6005,0.0
4657,1797.0
6341,0.0
6293,316.0
3674,108.0
8111,651.0
6611,2480.0
7072,241.0
2790,24.0
3681,239.0
4708,0.0
5515,8537.0
1722,56.0
4880,230.0
2421,72.0
4731,0.0
5930,32.0
7152,2.0
1338,2096.0
8449,580.0
1738,6042.0
5701,46.0
2440,9.0
6091,6.0
4143,617.0
7253,1897.0
7142,4027.0
6139,8.0
632,5.0
1453,0.0
2567,66.0
3348,2.0
388,43.0
7976,92.0
3168,30146.0
8265,2.0
3894,4512.0
8023,15539.0
6433,24.0
8360,0.0
4930,545.0
246,96.0
1389,475.0
7058,1.0
7433,67.0
2409,1.0
7329,92.0
1257,1.0
1848,882.0
1551,24.0
7454,3454.0
2482,5091.0
5223,1063.0
2179,410.0
6031,372.0
4804,7709.0
4359,9174.0
5931,39.0
527,275.0
1673,127.0
6304,384.0
1684,12.0
2126,1.0
6402,487.0
3274,21.0
6601,0.0
3493,0.0
6021,0.0
5907,0.0
8048,11.0
82,16.0
7652,0.0
2404,0.0
6305,137.0
7822,932.0
2975,2.0
4567,2700.0
7805,0.0
5596,394.0
3521,0.0
8545,3312.0
939,1949.0
3604,0.0
719,12.0
2477,1.0
4726,5.0
5301,811.0
378,12339.0
7863,83.0
1918,0.0
1191,657.0
5635,0.0
1406,20.0
8381,28.0
3950,1.0
6379,59.0
3251,7.0
8246,184.0
8716,460.0
5822,236.0
5316,1090.0
2831,0.0
8754,61.0
2967,156.0
8524,0.0
88,0.0
83,0.0
7478,9.0
684,2.0
5735,0.0
338,552.0
5194,12.0
1490,1.0
8165,12407.0
8372,1087.0
1167,0.0
2340,1737.0
2465,0.0
832,849.0
1564,2889.0
7591,117.0
3213,39.0
2687,1788.0
2669,2.0
3448,29.0
678,0.0
3177,1119.0
6228,223.0
5738,10.0
8646,22.0
882,496.0
6107,0.0
1429,6920.0
8194,1327.0
7748,2034.0
5115,2363.0
857,0.0
3030,2.0
1674,0.0
3941,0.0
8418,885.0
3476,0.0
223,205.0
2613,15128.0
5415,3262.0
138,3351.0
3195,0.0
4696,0.0
8749,1684.0
6280,0.0
6743,762.0
2617,43.0
3592,0.0
7288,698.0
5909,2.0
3944,187.0
5125,312.0
464,2.0
5597,2516.0
3907,1.0
6247,3.0
8579,132.0
721,443.0
6029,20.0
109,5736.0
8348,156.0
7473,1288.0
7165,473.0
541,1.0
3122,14.0
3996,249.0
1137,8843.0
1897,0.0
1462,6.0
173,0.0
8406,516.0
3426,0.0
7734,202.0
5182,21.0
6991,1532.0
6718,151.0
5497,1.0
6741,3.0
3302,2.0
6166,564.0
8526,84.0
7676,423.0
2648,3377.0
3504,45.0
4110,6.0
6044,0.0
2592,0.0
411,79.0
646,84.0
4964,539.0
4145,1.0
975,5444.0
785,5780.0
3553,5.0
2837,620.0
6630,6.0
5677,14.0
6542,446.0
1493,2489.0
7228,0.0
7164,0.0
4190,1077.0
5695,0.0
666,185.0
5039,240.0
7946,4.0
4687,32.0
1960,0.0
5040,28.0
3946,0.0
8541,1201.0
4300,0.0
2692,0.0
2634,154.0
8232,5109.0
6978,88.0
2922,94.0
8035,4405.0
5667,329.0
5406,2959.0
5860,1164.0
7381,1.0
5317,284.0
6774,889.0
2373,3.0
6457,1.0
4218,142.0
2927,1.0
8405,0.0
4360,0.0
3385,2.0
192,35.0
6842,15.0
3434,0.0
4209,11.0
4879,217.0
1207,110.0
8026,0.0
6007,2314.0
8437,0.0
5856,906.0
5934,26.0
1779,192.0
8025,7.0
1216,2887.0
2212,213.0
2625,8214.0
413,0.0
1332,74.0
3800,0.0
4119,8.0
3583,8060.0
1692,197.0
3204,1022.0
7331,4854.0
7548,332.0
4239,22.0
1330,3.0
6740,3.0
6046,5.0
6447,1.0
3889,1569.0
6396,0.0
7935,0.0
928,63.0
3890,1.0
592,168.0
1715,1766.0
4707,855.0
8067,0.0
7318,0.0
3486,0.0
2396,0.0
7690,4216.0
7864,181.0
8562,793.0
5832,0.0
8549,34.0
6976,12.0
1952,7.0
4612,0.0
4874,65.0
2841,5441.0
4493,3.0
3388,176.0
581,0.0
8344,2846.0
2252,292.0
8130,1.0
7883,0.0
3562,2.0
6118,6824.0
7132,4.0
8090,0.0
4630,2821.0
3654,209.0
8639,237.0
3223,2301.0
4100,604.0
2016,0.0
1365,1.0
1161,1.0
2604,27.0
1581,100.0
6581,2539.0
7550,15.0
8162,1265.0
4998,52652.0
2551,132.0
2588,48.0
5685,0.0
4022,1.0
1147,217.0
1455,3.0
3389,0.0
3246,3736.0
524,9600.0
7586,4797.0
7249,46.0
7696,980.0
2351,129.0
4638,11.0
3891,64.0
7660,3.0
6591,247.0
2683,862.0
1555,37.0
2631,17.0
6418,13.0
1364,6.0
4960,9788.0
1272,0.0
2323,10839.0
5876,129.0
4950,0.0
1691,114.0
5562,272.0
2888,0.0
6685,261.0
7635,1601.0
130,6415.0
2729,0.0
7256,0.0
4928,1.0
1870,330.0
6905,3.0
6622,232.0
3210,28.0
2806,1034.0
6269,3208.0
4766,1021.0
4484,0.0
5175,237.0
8128,13.0
789,6.0
1456,2086.0
8207,1691.0
2520,830.0
5509,2590.0
1816,0.0
7246,1.0
3456,10754.0
5056,1.0
6461,2.0
8531,0.0
8505,1.0
5376,3347.0
4678,2.0
8240,2756.0
7259,24.0
7485,1342.0
7055,0.0
1951,2.0
2708,636.0
6659,1795.0
2223,412.0
822,10.0
4223,140.0
6176,15.0
6316,7.0
6896,3.0
647,401.0
4756,48.0
8238,527.0
1677,4506.0
1855,389.0
2292,0.0
1968,9.0
814,3.0
6882,58.0
8,2398.0
2505,3.0
7742,77.0
8628,283.0
2363,109.0
3065,0.0
8155,0.0
433,42.0
7626,7605.0
766,0.0
2209,263.0
5502,323.0
4753,68.0
3728,19.0
1987,0.0
5455,867.0
6936,100.0
7338,101.0
5633,0.0
848,68.0
8262,1.0
123,1.0
1532,3472.0
1982,0.0
3330,7.0
2459,82.0
4838,6586.0
8293,72.0
8299,3.0
3943,11.0
1056,0.0
6785,0.0
613,3.0
8079,752.0
8382,2290.0
2102,0.0
4128,1.0
1143,449.0
3969,1707.0
7572,0.0
2601,699.0
7772,12.0
1871,834.0
1562,82.0
134,0.0
4861,1.0
8575,1.0
2529,10870.0
419,0.0
157,0.0
2103,39.0
6715,3.0
5732,573.0
5929,9.0
2536,64.0
2534,4.0
64,1372.0
6657,2068.0
6573,1654.0
2637,30.0
6721,30.0
4344,67.0
3217,5087.0
3689,18.0
5238,3845.0
6503,0.0
7814,1.0
7576,2.0
8054,18.0
1631,713.0
3768,80.0
4878,0.0
3725,2.0
3402,1226.0
2238,162.0
4490,9.0
3816,2.0
232,0.0
543,1713.0
6714,0.0
6114,0.0
127,0.0
5986,0.0
6964,15.0
6935,7.0
2469,2650.0
3243,1.0
6967,3.0
4447,50.0
2370,0.0
189,4622.0
8538,2.0
4645,1.0
998,3285.0
648,3590.0
5843,129.0
4937,45.0
7756,0.0
3449,3744.0
8335,0.0
8686,237.0
3579,2984.0
1411,444.0
5688,49.0
4586,15.0
4154,829.0
635,680.0
5574,22.0
3186,7.0
277,106.0
3986,78.0
7451,9.0
4121,774.0
2011,234.0
2285,1.0
6920,2.0
3303,0.0
1881,820.0
235,451.0
4354,133.0
6735,1.0
5806,0.0
2261,1.0
4898,0.0
7063,0.0
2149,7.0
5143,319.0
6608,640.0
2180,1451.0
1224,0.0
3068,257.0
4189,126.0
2582,855.0
6198,12097.0
6058,0.0
6234,2482.0
4976,1.0
2272,0.0
8356,0.0
2970,0.0
2437,0.0
6533,1110.0
3871,0.0
5989,105.0
296,83.0
5959,0.0
3424,51.0
7979,383.0
948,1623.0
5728,6.0
8428,71.0
8174,0.0
5003,522.0
6116,0.0
7631,10.0
2483,0.0
2442,194.0
7638,1488.0
104,0.0
950,327.0
8735,1.0
1448,0.0
8633,4200.0
4420,0.0
2562,169.0
2360,492.0
5940,0.0
4260,3.0
1600,59.0
638,2229.0
1127,0.0
4339,456.0
633,304.0
910,0.0
5698,35.0
5129,4233.0
8333,9.0
7258,2.0
3569,0.0
7682,164.0
801,0.0
1700,5812.0
6295,0.0
6673,168.0
3368,521.0
3004,0.0
8655,0.0
30,6403.0
5820,44.0
5349,274.0
3397,0.0
3739,0.0
6218,2.0
3515,0.0
6863,542.0
8024,9534.0
78,135.0
4777,1838.0
5598,0.0
4230,17.0
3633,0.0
3252,1013.0
2703,5606.0
2314,45.0
2082,5245.0
6469,0.0
1641,142.0
1571,172.0
4365,1.0
6662,16.0
3257,268.0
1106,59.0
2786,276.0
1873,113.0
2919,0.0
4396,1048.0
2728,226.0
4106,0.0
3527,443.0
5900,0.0
4890,489.0
7992,1801.0
8548,8.0
3362,2411.0
4665,2.0
2779,6.0
5923,6.0
122,2134.0
4542,0.0
8635,65.0
8294,17.0
3843,197.0
3731,23.0
5467,2086.0
351,0.0
7313,943.0
2782,814.0
7401,2.0
7924,0.0
4295,1.0
5016,1303.0
2052,4742.0
7551,7129.0
777,6851.0
4721,134.0
2017,129.0
695,89.0
2809,1.0
3639,0.0
1239,1012.0
7998,0.0
4417,5791.0
440,1.0
4580,0.0
3856,5.0
686,91.0
365,37.0
463,362.0
732,638.0
7430,412.0
2003,331.0
6024,30.0
1260,3932.0
4067,170.0
2865,5120.0
5435,1570.0
403,33.0
5661,785.0
3678,5.0
1382,416.0
5023,0.0
6498,1972.0
4709,9666.0
5481,0.0
4968,502.0
7987,0.0
3319,6331.0
6563,8.0
1668,14.0
854,19.0
7492,855.0
5228,647.0
7408,10.0
8511,5992.0
3541,205.0
6767,0.0
1804,59.0
5708,2353.0
5704,503.0
1767,39.0
3304,873.0
1037,15.0
5463,0.0
416,0.0
6315,57.0
1292,108.0
6801,31.0
23,1188.0
1348,66.0
7147,0.0
6763,8720.0
6617,0.0
7665,246.0
247,11.0
3215,2694.0
3804,175.0
693,1.0
8632,478.0
6250,586.0
869,6.0
4963,4.0
8258,2626.0
1398,640.0
5419,1956.0
8611,0.0
3576,2314.0
893,5398.0
3826,16.0
625,0.0
5104,21.0
5176,9.0
4895,260.0
4013,0.0
929,6162.0
8089,325.0
8010,248.0
3005,0.0
1818,1677.0
7590,0.0
8106,23.0
3428,452.0
7081,54.0
2132,66.0
4199,200.0
7714,230.0
4073,0.0
2856,3541.0
8736,7.0
4576,11240.0
7536,4640.0
718,4862.0
1217,221.0
7111,13.0
4892,0.0
8606,267.0
2258,0.0
5293,932.0
5778,305.0
1125,3.0
872,0.0
1841,46.0
3952,0.0
5049,234.0
3887,0.0
8055,0.0
626,213.0
182,4012.0
7936,254.0
5490,6274.0
2356,0.0
2556,1.0
105,1.0
7669,488.0
1282,2.0
765,1.0
348,1027.0
3011,950.0
7530,510.0
7215,6.0
6006,0.0
2982,15.0
3410,60.0
3588,2.0
4860,2.0
3092,58.0
5623,292.0
6526,292.0
6530,10233.0
5850,1.0
5734,4.0
7668,12.0
8114,0.0
5840,1.0
4872,1327.0
4582,25.0
6241,1650.0
4194,90.0
3591,151.0
4908,32.0
6464,3.0
6351,0.0
7196,0.0
1519,682.0
8001,69.0
8149,298.0
1914,0.0
7386,10.0
3231,17.0
3814,2206.0
7778,14766.0
7100,399.0
476,4.0
5329,181.0
5692,2.0
1616,25.0
2055,2251.0
3408,783.0
6961,228.0
4676,252.0
762,0.0
6185,77.0
5683,92.0
1488,13.0
7625,24.0
7926,879.0
513,3507.0
7944,0.0
2849,395.0
4093,3028.0
8105,5946.0
390,59.0
5254,22.0
1248,98.0
5218,76.0
420,0.0
3920,0.0
2560,7.0
5720,1316.0
7771,14.0
98,158.0
3641,19.0
3318,0.0
6072,5945.0
2307,0.0
7071,2.0
1925,2759.0
851,0.0
4685,1216.0
6196,8.0
6827,88.0
3300,4151.0
6390,6045.0
7099,1189.0
4536,0.0
7233,934.0
7510,213.0
357,0.0
2778,1672.0
2885,73.0
2640,1.0
3255,5.0
5397,1728.0
5874,7324.0
713,278.0
7784,0.0
0,0.0
1639,3.0
1775,915.0
5711,0.0
7903,75.0
2101,24.0
3336,7.0
3726,2.0
2083,72.0
6302,3624.0
7310,43.0
1169,1577.0
8578,0.0
3858,113.0
2391,19.0
5535,720.0
8520,248.0
2464,3.0
8284,2.0
6462,15.0
3517,0.0
8049,0.0
7902,34.0
2348,1262.0
1801,0.0
1197,0.0
7234,6333.0
4500,1852.0
2202,0.0
627,20596.0
2780,1023.0
1735,0.0
5206,46.0
206,0.0
5757,33.0
3390,1490.0
2050,60.0
4621,13.0
2383,3070.0
760,0.0
4275,0.0
7217,790.0
7708,0.0
5737,266.0
6817,2649.0
4949,4611.0
7271,1.0
5538,4.0
4251,0.0
6494,0.0
861,69.0
6724,180.0
304,0.0
720,64.0
5331,0.0
5076,4400.0
7544,0.0
6739,1031.0
4117,1075.0
8504,0.0
7649,6.0
8709,1119.0
5968,14.0
2042,192.0
5537,994.0
2361,442.0
8274,0.0
3566,6.0
5587,2.0
1946,6.0
2478,104.0
5739,47.0
2766,0.0
4869,0.0
3644,0.0
5577,1582.0
2595,4.0
4136,65.0
4147,3.0
65,31.0
5879,3406.0
6189,0.0
5269,0.0
1430,0.0
4491,10.0
672,639.0
2046,10177.0
119,414.0
3130,144.0
5639,213.0
828,7480.0
5855,127.0
598,143.0
6140,6.0
133,10.0
3450,248.0
7397,0.0
8319,0.0
8677,148.0
3936,1.0
8527,913.0
1446,371.0
875,3.0
8543,167.0
7075,190.0
3163,20.0
2760,91.0
5126,7.0
2774,556.0
4038,2.0
5689,7354.0
3082,889.0
1086,1.0
7777,14.0
7994,1210.0
5865,4084.0
2441,6.0
2755,1.0
1060,2306.0
2807,1931.0
3965,20.0
7264,0.0
3237,0.0
5795,0.0
7630,1.0
8204,0.0
6104,8066.0
8279,3117.0
930,0.0
2121,0.0
3893,1732.0
1939,1045.0
1879,312.0
7724,26.0
973,0.0
4416,2.0
2189,29.0
5812,48.0
969,0.0
7167,0.0
1052,162.0
1923,340.0
4043,0.0
453,11.0
5603,2045.0
5055,2313.0
763,156.0
7860,7826.0
5287,5.0
607,7.0
3094,24.0
4603,1173.0
6795,8.0
5449,116.0
5839,566.0
7031,1.0
594,0.0
668,145.0
616,0.0
7272,0.0
5539,2.0
3518,1.0
7700,73.0
4730,0.0
7853,0.0
5209,51.0
756,255.0
5430,1258.0
5917,12.0
3193,5.0
6828,745.0
4850,10.0
2281,11136.0
2897,1.0
6222,2.0
5503,43.0
7006,1.0
7964,4833.0
6466,1.0
1072,13.0
8420,0.0
4116,8.0
6995,606.0
3747,1.0
343,69.0
2639,105.0
1478,0.0
6453,0.0
449,2965.0
5391,145.0
6401,1723.0
4528,204.0
997,1.0
7091,0.0
439,13.0
6451,61.0
4821,921.0
6428,29.0
2655,4971.0
4771,7.0
4475,0.0
5586,3727.0
3481,5824.0
1849,1325.0
5336,1674.0
6126,4308.0
3299,4748.0
8304,3523.0
4578,5.0
2952,0.0
6215,2.0
176,46.0
3542,81.0
6489,3134.0
143,354.0
5566,1075.0
919,1074.0
1534,0.0
1866,6106.0
6394,1.0
5036,3451.0
6391,4.0
5396,972.0
5369,1359.0
1497,272.0
208,91.0
1899,3024.0
6279,0.0
4031,1180.0
8334,0.0
2203,118.0
831,457.0
5864,8.0
3102,29.0
1236,4.0
4561,2.0
1280,87.0
4203,0.0
644,985.0
1200,633.0
6577,1306.0
7424,1886.0
2697,21.0
2874,7.0
3923,0.0
6053,375.0
6331,1148.0
1811,0.0
2369,91.0
8201,4.0
5288,33.0
8488,46.0
5439,0.0
3544,58.0
4419,521.0
217,22.0
2410,4710.0
6399,1.0
612,7281.0
5462,24.0
1788,19.0
1940,18.0
485,2458.0
5642,360.0
6481,0.0
5829,28.0
956,8.0
2819,0.0
3038,0.0
1991,98.0
984,29.0
27,59.0
1172,65.0
5201,6.0
3339,527.0
5114,5535.0
3041,212.0
3663,0.0
5302,4.0
5018,0.0
8400,12.0
8297,49.0
3999,467.0
8260,120.0
7393,772.0
8650,15.0
5560,2086.0
6823,9.0
1484,3073.0
4057,208.0
3199,1272.0
2432,5004.0
6206,9.0
8561,0.0
794,0.0
2585,5178.0
1247,18.0
5485,607.0
7187,1.0
1190,1514.0
5494,2377.0
320,7.0
4335,2.0
7159,48.0
7449,1.0
7163,1.0
5730,1570.0
2704,2.0
4463,0.0
7566,181.0
2886,83.0
6970,13.0
8002,0.0
6458,683.0
6747,14.0
6025,1979.0
6381,216.0
3580,46.0
2510,23.0
8672,13115.0
4624,0.0
1003,1.0
1696,1.0
2527,1799.0
3904,0.0
6212,0.0
7617,177.0
7509,2786.0
1523,20.0
6000,0.0
4629,160.0
3062,0.0
7340,54.0
1750,10.0
4063,35.0
7250,1920.0
5441,1065.0
1104,0.0
7351,0.0
4579,366.0
2338,1.0
3061,0.0
2754,22.0
4340,19.0
7496,260.0
4511,607.0
5161,305.0
1703,165.0
3692,57.0
3758,0.0
6233,0.0
7466,10.0
6386,52.0
1246,1.0
8621,24.0
2379,6.0
737,5.0
6918,6.0
4907,2.0
2844,16.0
3457,2070.0
7712,3376.0
3334,7196.0
681,690.0
821,0.0
779,148.0
8567,16.0
2589,0.0
7858,9.0
1949,1943.0
2127,0.0
8138,0.0
5024,155.0
5255,1.0
2248,101.0
6249,0.0
7158,0.0
6431,1.0
555,12.0
2998,3174.0
8028,5180.0
2308,0.0
2693,4.0
727,42.0
3593,131.0
6977,0.0
6082,1.0
4531,1025.0
8152,6839.0
5032,49.0
3381,5.0
2830,184.0
